model,display_model,item_id,candidate_hash,context,target_question,reference,candidate,score_gpt4o,score_gemini_2_5_pro,score_qwen3_omni,q_ensemble,q_no_family
baichuan_omni_1_5,Baichuan-Omni-1.5,video_0001,49417a4db2a6f5ef785ae208c776077b424ab7cd31ce979e845e232235cdbef1,"As you know Whitney has been a one woman wrecking ball, strong arming every college student who dares cross her path in adjoining Tinder.Judging by these numbers guys, they're telling their friends, Okay",What should the man with his hand on the woman's shoulder say?,so I'd like to officially announce that Whitney is the newest and certainly the most feminine cofounder of Tider.,I did it!,0,0,25,8.333333333333334,8.333333333333334
baichuan_omni_1_5,Baichuan-Omni-1.5,video_0002,94376a2b538c3b3599dc7df0067b83fc2fdc53af22993930f5ddb130a8e0e65a,"When we filed the suit.You know, you said we had a strong case and we do you demonstrated a pattern of abuse that is systemic and company wide right and the picture of these text messages paint well, Justin Mat would exactly cut a sympathetic figure for a jury I mean he was suspended which is why we were able to get this settlement figure so high Now",What should the woman sitting in the middle say?,"the money is nothing.It's not nothing to me, it's a crazy amount to me, but for them it is a slap on the wrist","No, I can't do it.",0,25,0,8.333333333333334,8.333333333333334
baichuan_omni_1_5,Baichuan-Omni-1.5,video_0014,4a0ad57afaa8decd153786a8f745d963e2e256e471720a39f2502691b3e422c1,These are gonna be some tough times. You can call me anytime， even if it's the middle of the night. Here's the number at my uncle's farm.,What should the woman say?,Thanks.,"I understand what you're saying, but I can't do it.",50,0,0,16.666666666666668,16.666666666666668
baichuan_omni_1_5,Baichuan-Omni-1.5,video_0117,8794b2a66bcbb83be821b6f62d8c1d572a897f0a57a77ba1ba9b4992fc233021,"Would you like to open your present? I'd love to. I have a present for you, too... under the Christmas tree. Well, you open your gifts first. All right. Merry Christmas and a Happy New Year. Your friend, Alex. He made the statue at school. 'Mighty Casey at the Bat'. What a riot! I'll keep it forever. It's so cute. All right,",What should the woman say?,Now you open your present.,It's so cute!,50,0,25,25.0,25.0
baichuan_omni_1_5,Baichuan-Omni-1.5,video_0118,3ac5ef63865d2af66185a61706922c7ef0a26210cd4d2c586152ac94bb5a3463,"Thanks again for the presents. You're welcome. I'll play your tape on my way home. Well, I'll have a whole new version of it this week, with backup singers and full orchestration and the works. It sounds like your dreams are coming true even before ekeko has his first cigarette. Oh-ah-and let me know how the recording session goes!",What should the woman say?,I will.,"I love you too, I always do.",0,0,0,0.0,0.0
baichuan_omni_1_5,Baichuan-Omni-1.5,video_0140,b7eeb7ad9e55748dabcdc6108f24f85d6d66052e9ad41d8b7c13ddcc7c09b7a3,"Well? What does that mean? Oh, don't be coy with your godmother. Are you two an item yet? Well, he asked me to spend New Year's Eve with him. And I'm going. Good.",What should the old woman say?,So it looks like it's going to be an interesting new year.,I hope you like it.,50,50,75,58.333333333333336,58.333333333333336
baichuan_omni_1_5,Baichuan-Omni-1.5,video_0145,762e5e7c5c5a491a990d10ce9cfb5ae5c882eca3a63f52e272bc0012c6b0b4f8,"Vincent,your father and I have talked. You and",What should the child say?,I will.,"I'm sorry, but I can't do that.",50,0,25,25.0,25.0
baichuan_omni_1_5,Baichuan-Omni-1.5,video_0147,e82983dfe50fa04a22964e3985e25ef564066b4f18f7b1d299d9c716a1eea1b8,"Tell me about your book. Oh, it's not finished yet, but I have some of the pictures. Would you like to see them?",What should the woman say?,Yes. I'd like that.,I love you.,0,0,0,0.0,0.0
baichuan_omni_1_5,Baichuan-Omni-1.5,video_0149,54300a0bbfd46aa9b469bc2c5c4b0785d4945396ca207bae55fcfffe89c1ee6c,"Excuse me. Can you help me? Sure, what do you want? Where is 83 Wooster Street? That's easy. Walk to the corner. Then make a left turn. Then walk two blocks to the traffic light. Make another left to Wooster. Thank you. To the corner and then a left?",What should the man in the blue shirt say?,Yeah. A left.,"No, no, no!",0,0,0,0.0,0.0
baichuan_omni_1_5,Baichuan-Omni-1.5,video_0151,0ac3fa1b8bbe3cde185d6886f0581cb14a0df2b17f6ccb62ebd54f058a6c93ba,"Hello, Harry. It's nice to meet you. Nice to meet you, Susan. Sorry I'm late. The traffic. The parking. I was lost.",What should the woman say?,Don't worry about being late. It's fine.,"Thank you, that's very thoughtful of you.",75,0,75,50.0,50.0
baichuan_omni_1_5,Baichuan-Omni-1.5,video_0155,134126850aa040a9fd556160e9e9c17cb63fdd661f88c3f4ecd4b8bc95149afb,"Two years ago,my wife died. You miss her. I do... yes, but l have Michelle... and with time... Is there anyone else in your life? No, not yet.What about you?  Oh, I date occasionally, but my work keeps me busy. Harry. Yes? I'd like to meet your daughter someday. Does that mean that I can see you again?",What should the man say?,Of course.,"I'm sorry, I didn't mean to offend you.",25,0,25,16.666666666666668,16.666666666666668
baichuan_omni_1_5,Baichuan-Omni-1.5,video_0174,682e30db540beb0d58d04ced24fad817e27d07e535201b555afad267d6a321d0,"I need your special talent for handling special matters. Like what special matters? Well, I have a scheduling problem. Yes? I have three tonsillectomies set for Friday with Dr.Earl. Yes? I need to fit a fourth operation into his schedule. And... I know you can do it. Well, I'll try to arrange the scheduled, Dr.Stewart. But it's not going to be easy.",What should the man say?,I know you'll be able to take care.,"That's good, that's great!",50,50,75,58.333333333333336,58.333333333333336
baichuan_omni_1_5,Baichuan-Omni-1.5,video_0184,3ffe2659f893daf7731ffdb865e8dfeff440759f3611ffaccda7401def33ea7e,"Thank you, Mrs. Martinelli. Thanks so much. My pleasure. Give my best to your parents. Your father's a wonderful doctor, Richard. He took care of my daughter when she was a child. He's the best pediatrician in Westchester.",What should the man say?,"Thanks Mrs. Martinelli, I'll give them your regards.","Sorry, ma'am.",0,0,25,8.333333333333334,8.333333333333334
baichuan_omni_1_5,Baichuan-Omni-1.5,video_0188,373aa3952f171049095b5f4c01c35eaf575a52d8cf836fe0bddbab53cb4c4f2f,"You like living in New York, don't you? Oh I love it, it's so convenient. I can take the bus to work...or the subway...or a taxi. And there's so much to do. Lots of movie houses and the theater. I know what you mean. I'd like to live in the city, but living in New Jersey in the suburbs is better for Michel. Trees, grass.",What should the woman say?,There's a lot of good things about suburban living.,"No, no, I don't want to do that.",0,0,0,0.0,0.0
baichuan_omni_1_5,Baichuan-Omni-1.5,video_0194,c55566fd2b17f15d8d934d6b08bf1eb199dec2526f6a389f21a9ac83475abfe0,"What's this for? Just because. How's the baby? Fast asleep. I'm sorry, I missed him. I had to work late. What are the flowers for, Richard? Five years of happiness, Happy anniversary our anniversary. But our anniversary isn't until Saturday.",What should the man say?,I couldn't wait.,"Thank you, I love it.",75,0,25,33.333333333333336,33.333333333333336
baichuan_omni_1_5,Baichuan-Omni-1.5,video_0200,b98f38603b067087ab0b0e00ac4a55483cae5955ef67c84bdd6120efbb09ec9f,"The mailman just drops a mail in our box, Grandpa. Oh probably a lot of advertising and bills. You were right, grandpa. Advertising, bills, bills, advertising.",What should the elderly man say?,"Yes, just like I said, Robbie. Nothing interesting.","No, you're wrong.",0,0,0,0.0,0.0
gemini_2_5_flash,Gemini 2.5 Flash,video_0001,58ad14fe9de83fe228d3e8c7a8ed4978e36034abc4cc6003db00ba0d10cf6e3a,"As you know Whitney has been a one woman wrecking ball, strong arming every college student who dares cross her path in adjoining Tinder.Judging by these numbers guys, they're telling their friends, Okay",What should the man with his hand on the woman's shoulder say?,so I'd like to officially announce that Whitney is the newest and certainly the most feminine cofounder of Tider.,"""We did it!""",50,50,25,41.666666666666664,37.5
gemini_2_5_flash,Gemini 2.5 Flash,video_0002,b505eb6b17b78f354c9a76afecfd6f7378ad9fab7da5fda46e41b104de3ec4d0,"When we filed the suit.You know, you said we had a strong case and we do you demonstrated a pattern of abuse that is systemic and company wide right and the picture of these text messages paint well, Justin Mat would exactly cut a sympathetic figure for a jury I mean he was suspended which is why we were able to get this settlement figure so high Now",What should the woman sitting in the middle say?,"the money is nothing.It's not nothing to me, it's a crazy amount to me, but for them it is a slap on the wrist","""Are you sure about this?""",25,50,25,33.333333333333336,25.0
gemini_2_5_flash,Gemini 2.5 Flash,video_0003,9ea8f6f5ea7d5319fb14491eb6490671cb56af8c3a227001a0bf11b0b618e64d,"All right, all right, your sandwich for the cheese toasie, the bag of scratchings and a chocolate bar. Come on, I'm robbing myself. I don't want to swap it.  All right, all right, here's what I'll do. The toastie, the scratchings, a choccy bar and...a roast dinner with all the trimmings. How long has that been in there? Come on, I'll throw in the briefeases well. Fine, just take it. Lovely.",What should the woman in green say?,Pleasure doing business with you.,"""Who wants some?""",25,50,25,33.333333333333336,25.0
gemini_2_5_flash,Gemini 2.5 Flash,video_0012,7d30e7f07096d7eddc19fbb54164c6e510e0d75f85d11a49ba7d670baf2ba416,"Good morning! Good morning. Mrs Collins, Ofsted. Here to see Mr Barker for the inspection. Certainly. One moment. Morning, Mr Barker. I've got a lady here to see you. Mrs Collins, Ofsted. Certainly. I'll let her know. Unfortunately, Mr Barker has been detained at the vets. He sends his apologies and asks if you'd mind showing yourself around? Of course.",What should the woman in yellow say?,Here's a map for yourself.,"I'm sorry, I have to take this call.",25,0,0,8.333333333333334,12.5
gemini_2_5_flash,Gemini 2.5 Flash,video_0015,58a250854cba10ffb8b6cec43d43b7b20f749695dba4f0f70849e53e2bf34e93,"Does the name Harvey Carlson ring a bell? Oh, yes, Harvey Carlson, I remember. He said I should call him. He is the publisher of the Carlson Publishing Company. He said they need a new book of photographs and he really liked my concept. So why don't you call him in the morning? Do you think I have enough to show him? I've been through every section with you, Richard. It's quite complete. And now that you're satisfied with the performing art section, I think you should show it to Mr. Carlson.",What should the man say?,"You're right, My family album USA feels right. I'll call in the morning and set up an appointment to see him.","""I'm sorry.""",0,0,0,0.0,0.0
gemini_2_5_flash,Gemini 2.5 Flash,video_0016,2cdc89c4c983433e3dbc88c276d0bfbe498bce01daf66589351872a941096106,"Okay, let's take a look. Good, very good. Family album U.S.A, is an excellent title. If you had to describe the book in one sentence, how would you do it? Well, I describe it as a book, which is a portrait of the United States, the places, the people, mostly the people. The things they do, the ways they live, the places they visit and the landmarks, a photographic journey.",What should the man with gray hair say?,These are wonderful.,"""I'm sorry, I don't follow.""",0,0,0,0.0,0.0
gemini_2_5_flash,Gemini 2.5 Flash,video_0021,a26b1e69691259e47446c2a80f70396dd931c6960ae3d6cd4ca50701f31e27ce,"But if Boswell wins, he'll be an important decision maker on the school board, and he doesn't know anything about our children's education. Who's running against him? Nobody, that's the problem. Well it sounds to me like Carter Boswell is going to win the seat on the board. Oh, not if I can stop him! And how are you going to stop him?",What should the woman say?,I don't know. Maybe I'll run against him.,"""I'm sorry, I didn't mean to upset you.""",25,0,0,8.333333333333334,12.5
gemini_2_5_flash,Gemini 2.5 Flash,video_0024,d47306bbc1c9d000acf63f8249d489aa2fbe0b49126623034bc786a14ff9ec43,"A lot of people would like my help. Do you have a story? I'm planning to run for the school board. Against Carter Boswell? Yes. Well, that is news. Will you announce that I'm running? Sure, but I need some information.",What should the woman say?,Of course.,"""I'm sorry, I don't know what to say.""",50,0,25,25.0,37.5
gemini_2_5_flash,Gemini 2.5 Flash,video_0025,97e94c50e9de6de9ea6f0d43939d4e6ff0701527749d2f1b39f930ce6d7c1e65,"You have to go on television, too. Boswell's a powerful speaker. You can be too, your ideas are good ones.",What should the woman say?,I don't know. I'm not sure I'm up to it.,"""I'm not going to be a part of this.""",25,25,25,25.0,25.0
gemini_2_5_flash,Gemini 2.5 Flash,video_0026,6d2040d168277b495264a903da53326403b5ca69bd101ed731b31ae9d9497fbb,"Hello, Mr. Maxwell. How are you? I just called to tell you that you are very impressive, you lost the election, but you won the attention of the residents of Riverdal,e of Boswell, and of me.",What should the woman say?,"Thank you, Mr. Maxwell, I appreciate your kind words.","""Hello?""",25,0,0,8.333333333333334,12.5
gemini_2_5_flash,Gemini 2.5 Flash,video_0030,76f7fb0ff9f43bd835475df814a26ea9b61b0ad9cccad86b1e8af514c28ad86f,"Where's mom? She went to a school board meeting. I don't know how she does it, she sure keeps busy. It's important to her. There are lots of places to go, lots of things to do. She can't sit around and do nothing, Philip works late.",What should the young man in grey say?,I guess you're right.,"""I'm sorry, I didn't mean to interrupt.""",0,0,25,8.333333333333334,12.5
gemini_2_5_flash,Gemini 2.5 Flash,video_0032,45625d4a478affa8de2be9ca36ea2dbf1e7152e2d430a49fbbe7651cd03b530a,"It's not good to eat before going to bed. A cookie can't hurt, though. Well, I'm heading off for bed, and a good night's sleep.",What should the man in grey say?,Well good night.,"""You're not thinking fourth-dimensionally.""",0,0,0,0.0,0.0
gemini_2_5_flash,Gemini 2.5 Flash,video_0034,441a25c4cc0b514de71065af85c7f021b956d53a42a4a5d7e2fab4e3aa6a5a56,"Hello there,Robbie. What are you doing up this late? Reading. Reading? At this hour? Come on, Robbie, what are you doing up this late? Things on my mind. Do you care to talk about them?",What should the man say?,"Sure, if you don't mind listening.","""Mom, I'm going to the dance.""",0,0,0,0.0,0.0
gemini_2_5_flash,Gemini 2.5 Flash,video_0037,a9e3488504dc49c9194aedc7e6e68c6c3d5a4b21acc3e682da781f1b6a18847d,You're right. We'll do it. I'm going to talk to daddy about it right now. But dad was so exhausted when he came home from work. Why don't you talk to him about it tomorrow?,What should the woman say?,You are a very smart young. I think I'll wait until tomorrow.,"""You're not going anywhere.""",0,0,0,0.0,0.0
gemini_2_5_flash,Gemini 2.5 Flash,video_0040,6316ce7d267b58674805374097a41af1bbb4c807efefddcf55d878d6a2a83cf5,This would be a wonderful way to accomplish that. I have a question. Yes? What do we read? To the patients in the ward? Yes.,What should the woman say?,Well let's you and I talk about it.,"""I'm sorry, I didn't mean to.""",0,0,0,0.0,0.0
gemini_2_5_flash,Gemini 2.5 Flash,video_0049,af64b513eaa121735b2e28bea8ee5b0afd01aefc8a6f09afa108797514660c07,"A real dilemma. Does it have anything to do with you and Harry? Yes, but I don't know where to start. Maybe I can help.",What should the woman say?,Tell me.,"""I'm sorry, I didn't mean to upset you.""",25,0,0,8.333333333333334,12.5
gemini_2_5_flash,Gemini 2.5 Flash,video_0055,33c85ccb352ca4eb3e92f961e606bd82b6811f5852b91c279094a1d353fe6429,And how do you feel about taking the job in Los Angeles? How should I feel. It's the biggest company in the country. Well then you feel good about taking it?,What should the man say?,"Well, I feel fine about it, why should I?",Right.,25,100,25,50.0,25.0
gemini_2_5_flash,Gemini 2.5 Flash,video_0056,97d0e01f6bbac16e455fafbc2568a42baa5090987f87d386a0bca744452e0184,"Come and sit down for a minute, Michelle. I'd like to talk to you about something, something important. What's wrong, Susan? Oh there's nothing wrong, Michelle, but your daddy and I are talking about something that I'd like your opinion about. I know. I heard you talking about it the other night when I was trying on my new clothes. It's about moving to Los Angeles.",What should the woman in blue say?,"You're right, How do you feel about it?","""You're not going to be alone, sweetheart.""",50,75,75,66.66666666666667,62.5
gemini_2_5_flash,Gemini 2.5 Flash,video_0065,c6dd14a31ba0e2146c20813d412ef59070a907c9c06df3583c3bbb72e0618071,"I'm sure Rita may will understand and wait until you're ready to go back to work. Well, maybe she will and maybe she won't, who knows? If I don't accept her offer, Maybe she'll find someone else in the meantime and when I'm ready to go back there won't be a job for me.",What should the man say?,"That's something to consider, you've got yourself to think about too.","""I'm not going to be a part of this.""",0,0,25,8.333333333333334,12.5
gemini_2_5_flash,Gemini 2.5 Flash,video_0076,41d890edeb4d08360b3f8466a559ca79bf9848bf94e7a4dc04655921fe84065e,"I like the idea very much and if it's successful, we can expand all kinds of dresses. That's what I thought. As a matter of fact, I have a customer for your first wedding dress, Well my niece is getting married and I've been trying to find just the right thing for her. Marilyn, you're going to design my niece's dress, that'll be our first one and then we'll use it to sell others. Do you really mean it?",What should the woman in black say?,I really mean it.,"""I'm sorry, I didn't mean to interrupt.""",0,0,0,0.0,0.0
gemini_2_5_flash,Gemini 2.5 Flash,video_0087,5e4aff1e0144681a652b97cd27b96b59b6a8c9bdd0970c1f890479e2c8b61072,"I'm going to miss her when she goes back to Greece. Would you like to give her a little farewell party? Mom, that would be terrific! Maybe we could make it a surprise. Oh I don't know surprise parties don't always work out well. Well, we could tell her it's a graduation party for me. When Alexander arrives, we'll surprise her.",What should the woman say?,"Well, I suppose that might work.","""I'm not going to be a part of this.""",25,50,0,25.0,12.5
gemini_2_5_flash,Gemini 2.5 Flash,video_0088,54ea9306a8b520ecf63b5df851fe20bf4cd4a773cfcaadff83aa91a3f2d1f80b,"I'd like to give her a nice going away present. Fine. There's only one problem. What's that? I'm broke. I should have saved some money. I'm sure Alexandra would be happy with something simple, Robbie. I know, but well, I'd like to give her something nice to remember me by. Maybe I could borrow some money from you and dad. Oh it's all right with me if it's all right with your dad.",What should the man say?,"Thanks mom, I'll talk to him.","""I don't know, Mom, I just don't know.""",50,0,50,33.333333333333336,50.0
gemini_2_5_flash,Gemini 2.5 Flash,video_0089,1ae2f1dcd5bf15356bb49ee496de2ab3497484059248c06474bc1d0b6cd2a41e,"My friend Alexandra is going back to Greece. Nice girl. We'll all miss her. Mom says we can give her a going away surprise party. Good idea. And I'd like to get her a nice gift. What' do you have in mind? Well, a wristwatch, so she'll think of me when she looks at the time, nothing flashy, expensive, something simple, but a good one.",What should the man in light blue say?,"Sounds fine, Robbie.","""I'm sorry, I don't follow.""",25,0,0,8.333333333333334,12.5
gemini_2_5_flash,Gemini 2.5 Flash,video_0091,fd28289b90683f309d0bbe33271827d7c82ba317be1213003d6360c07dcb60aa,"When is your plane reservation for you flight to Athens? Sunday, why? Would you be able to come over Saturday night? Yes, I should be finished packing by then. My folks are giving me a little graduation party. Terrific! I'll pick you up. That isn't necessary. My dad's letting me borrow the car. Oh well, that would be very nice. About eight o'clock? Eight o'clock is fine.",What should the man say?,"Great, it's a date.","""I'm sorry, I didn't mean to.""",0,0,0,0.0,0.0
gemini_2_5_flash,Gemini 2.5 Flash,video_0092,ddb773fc455e46c68292b6851094f99bae842191716d7170107a569f42fc2f6e,"Are you excited about graduating from high school? Sure, and a little scared. Scared? Why? Aren't you a little scared? I was when I first came to the United States. I'd never been away from home and I didn't know what it would be like, but then I found out that people are the same everywhere once you get to know them. I'm glad I got to know you.",What should the woman say?,Thank you. I'm glad I got to know you.,"""I'm not sure.""",25,0,0,8.333333333333334,12.5
gemini_2_5_flash,Gemini 2.5 Flash,video_0093,6b41b87e2e976279422195bbba8ffcb8f91e3c0380b9d97131a936d8a9f647a8,"She's really a good friend, isn't she? Yeah. You are going to miss her. Am I going to miss her?",What should the woman say?,"That's what I said, you are going to miss her.","""Are you okay?""",25,100,25,50.0,25.0
gemini_2_5_flash,Gemini 2.5 Flash,video_0098,617b6e33e87feb1d2bb0862601a1e8902286899369e037fe7b5b9190bb178f3d,"I can't believe this is really happening! You've earned it. Years of work went into these pictures. I know, but it's still a dream come true. Well, remember we're not sure what the critics are going to write about your show yet. And you never know what the man from the New York Times is going to say about it. Are you worried?",What should the man with silver hair say?,I always worry.,"""It's a beautiful piece, isn't it?""",50,0,25,25.0,37.5
gemini_2_5_flash,Gemini 2.5 Flash,video_0101,447118b910e652f40700380d1acfae766a1fca883282ea4d398cde43d1d8e83a,"How about guests? How many people will you be bringing? Well, my family, I guess. My wife, Marilyn, my father and mother, my brother Robbie, my sister and her husband and their daughter. And my grandfather. Is that too many? No such thing as too many at an opening. I hope they like it. Your family or the public? Everybody, but especially my family, and they've stood by me through all this.",What should the man in the black suit say?,I'm sure they'll like it.,"""I'm sorry, I don't follow.""",0,0,0,0.0,0.0
gemini_2_5_flash,Gemini 2.5 Flash,video_0105,1724c2c65886af23a79a206572ef734b3f302ae9d3c71d96711ff259ac62a899,You're going to be a great success. Are you ready? As soon as I get these cuff links on. Let me help. Mom and dad are already on their way down to the gallery. There. You look very attractive.,What should the man say?,Thank you.,"""I'm sorry.""",0,0,0,0.0,0.0
gemini_2_5_flash,Gemini 2.5 Flash,video_0113,913551094d9a057cb43a4d13daea3c027342f602d7aef5f090326ea85d600807,Who is it? It's Jake. Jake. Jake Seltzer from the station. Jake. These are for you. Oh flowers.,What should the woman say?,"They're beautiful Jake, thank you very much.","""Thank you.""",75,75,100,83.33333333333333,87.5
gemini_2_5_flash,Gemini 2.5 Flash,video_0116,db9329f5a109a6a1b467b6f36c96e27c9e21578a683a09753b4b2ffe9ce1845f,"Here's to a very special Christmas. To a very special person. To a great singer. Now, to make my day complete,I'm gonna call Alex. Let me wish him a",What should the man say?,Merry Christmas.,Cheers.,50,0,25,25.0,37.5
gemini_2_5_flash,Gemini 2.5 Flash,video_0117,c262a56784e1da1af1818f1074b9b95ccf4ed79b47512e8757dd5b9760cfefcd,"Would you like to open your present? I'd love to. I have a present for you, too... under the Christmas tree. Well, you open your gifts first. All right. Merry Christmas and a Happy New Year. Your friend, Alex. He made the statue at school. 'Mighty Casey at the Bat'. What a riot! I'll keep it forever. It's so cute. All right,",What should the woman say?,Now you open your present.,It's beautiful. Thank you.,50,50,25,41.666666666666664,37.5
gemini_2_5_flash,Gemini 2.5 Flash,video_0129,efbed81ae6f7de0765c77a0d7a8d9130c2b07dd6ded0e0da472f3e519e92d6fc,"Honey, where should I put the candy dishes? Here on the table? Sure that's fine. Oh did you ask Greg to bring the ice cream? Oh no I forgot. Oh well, we'll still have enough food. Sorry Mia.",What should the woman say?,That's okay.,"""I'm sorry, I just don't know what to say.""",25,0,0,8.333333333333334,12.5
gemini_2_5_flash,Gemini 2.5 Flash,video_0137,64625acc1f9c78d9ccc0e21ba1ab58363f447ce708e09930d017bcae17708e5d,"You're not Mr. Barker. Very observant. Mr. Barker will be here at 9 a sharp after his morning walk. I am Mrs. McIntyre. Mr. Potter. Deputy head. That's right. I'm the new deputy head. There must be some mistake, I am the new deputy head.",What should the woman say?,Impossible.,"""I'm sorry, I didn't mean to interrupt.""",25,0,25,16.666666666666668,25.0
gemini_2_5_flash,Gemini 2.5 Flash,video_0139,9e28f7f411c272cdbf9cec211aae71a168e1d62c5197d01d3a5c96c3b41acacd,"My yes! A very accomplished piece of work, Emily. It really draws you in, doesn't it? Thanks Miss. But is it finished? Yes miss. Is it? Yes miss. Of course it is. How silly of me. Do you think it could do with maybe justum one more thing?",What should the little girl say?,I think it's done.,"""I think it's finished.""",100,100,100,100.0,100.0
gemini_2_5_flash,Gemini 2.5 Flash,video_0144,a0abfd2504e160305460f1b40750e64a8bb135330b1e5010d95713aafb5011b8,I just can't imagine what those boys are doing right now. Hey... It's New Year's. They're probably out celebrating. They're only ten... They wouldn't do that. You'd be surprised what kids will do. Do you remember when I ran away from home? I was only seven. Right.You went down two blocks and then chickened out.,What should the man say?,Kids'll do crazy things.,"""I'm sorry, I didn't mean to upset you.""",50,0,25,25.0,37.5
gemini_2_5_flash,Gemini 2.5 Flash,video_0147,f276e807b74824da10684b693ae7a634e274c2f83aa2d700911c789e01bb89f5,"Tell me about your book. Oh, it's not finished yet, but I have some of the pictures. Would you like to see them?",What should the woman say?,Yes. I'd like that.,"""Are you okay?""",0,0,0,0.0,0.0
gemini_2_5_flash,Gemini 2.5 Flash,video_0148,414d27c71df7584fc492604580e56d43eb9422d9098a51364d1db9edcc29fd7b,"I had a really bad day. I left my bag of film on the ferry. I went back for it, but the ferry was gone. I lost a whole day's work. I'll call the Staten Island Ferry lost-and-found office. Alexandra! Hello, Richard. I found your bag!",What should the man say?,"Oh, thank you!","""Mom, Dad, this is Jennifer.""",0,0,0,0.0,0.0
gemini_2_5_flash,Gemini 2.5 Flash,video_0150,82ec49498f690f3b19d99939176bbd991060c1a59c337d474a6e943c7eac5c30,"Excuse me, ma'am. I'm looking for 83 Wooster Street. Yes. Wooster Street is two blocks, and 83 is to the right,about two houses.",What should the man say?,"Thank you, thank you!","""I'd like to buy some flowers, please.""",0,0,0,0.0,0.0
gemini_2_5_flash,Gemini 2.5 Flash,video_0158,5ed05d9fb5aed36e68864965f87e40b67ab97ffaec9100777f82e46c9d9c1da9,"I am exhausted. My new exercise class is so hard. Your new exercise class? Yeah. My new advanced exercise class. Why advanced? My instructor thought that the beginner's class was too easy for me. In the beginner's class, they give you a chance to rest between exercises. So?",What should the woman say?,The advanced class is nonstop.,Are you okay?,25,0,25,16.666666666666668,25.0
gemini_2_5_flash,Gemini 2.5 Flash,video_0159,4dab92a2af0461908053acdaa344c917972cd08fcdf16778e0a28bd231015698,"Doing aerobics for an hour is a lot different than lifting weights. Yeah. Quite a bit different. I think aerobics is easy. I could work out in your class with no problem. You think so? Oh, without a doubt. When's the next class? Tomorrow morning at ten o'clock. Try it.",What should the man say?,It's a nap.,"""I'm sorry.""",0,25,25,16.666666666666668,12.5
gemini_2_5_flash,Gemini 2.5 Flash,video_0161,d509189c1e4b2acc1504a8c53059a5cd138cf72316eff29ac60ce4182bbd9142,"What do you do for a living, Mr.Stewart? I'm a photographer. Interesting. What do you photograph? Everything. The American scene. People, places, events. Did you ever think of photographing an aerobics class? No... I can't remember taking pictures of people exercising. But don't you think it'd be a good subject? Sure. I need some good photos for my advertising, Mr.Stewart. Maybe you can photogragh a class, and I can give you and Mrs.Stewart a month of classes ree. When can I photograph a class? Anytime. How about today?",What should the man in green say?,Terrific!,"""I'm not sure about that.""",25,50,25,33.333333333333336,25.0
gemini_2_5_flash,Gemini 2.5 Flash,video_0162,467fe088b56eede6b3d8254dfb13a100a3d3788e83f6d14395e8fee87326b7e1,"Well, I didn't really exercise. I knew it! I wanted to,but Jack Davis needed a photographer. I'm sorry, Marilyn. I don't understand. Did you exercise or not?",What should the man say?,No.,"""I'm sorry, I didn't mean to upset you.""",75,0,25,33.333333333333336,50.0
gemini_2_5_flash,Gemini 2.5 Flash,video_0166,659433b889b6304a61ea5c152f755a70be3db772df001c90ff8284c275ef28ae,"Robbie says you can't take him to the game today. I really feel bad about it, but they need me at the hospital today, in the children's ward. l understand. Maybe we can spend some time together next weekend.",What should the elderly person say?,Definitely. We should.,"""Are you going to eat that?""",0,0,0,0.0,0.0
gemini_2_5_flash,Gemini 2.5 Flash,video_0168,d19e2dd2461dd8ed9a521bd8f4d984429e071e74124c641a7dcd3d7df2452882,"Is something wrong, Alexandra? No, nothing. Yes, there is. I can tell. What's the matter? Come on, you can tell me. What's up? I don't know. Something's wrong.",What should the man say?,"OK, let's talk.","""I'm not sure what to do.""",50,0,50,33.333333333333336,50.0
gemini_2_5_flash,Gemini 2.5 Flash,video_0169,25b4233b82fece5f9531fbaaeff754c2d8b24bfff1c506012672dfff9c6ed5e6,"But when I received the letter with photographs of my family, I cried. I cried because I miss them all. You really miss your family, don't you?",What should the woman say?,Yes.,"""I'm sorry, I didn't mean to upset you.""",75,0,0,25.0,37.5
gemini_2_5_flash,Gemini 2.5 Flash,video_0170,6a854cb02f577331620a52a733c0841eb502b88a9a980eae10979a2a94b79998,"I know I must seem silly. It's not like I have nobody. I like the Molininas very much, and they're so kind to me.Hey, why don't we go out for a cheeseburger and fch fries, that'll cheer you up and you can use my walkman.",What should the woman say?,That's a good idea.,I don't know.,50,100,50,66.66666666666667,50.0
gemini_2_5_flash,Gemini 2.5 Flash,video_0174,4a49227998dc5388a5a206123cef327e4c5f1e3b7613038f754d69976d9796eb,"I need your special talent for handling special matters. Like what special matters? Well, I have a scheduling problem. Yes? I have three tonsillectomies set for Friday with Dr.Earl. Yes? I need to fit a fourth operation into his schedule. And... I know you can do it. Well, I'll try to arrange the scheduled, Dr.Stewart. But it's not going to be easy.",What should the man say?,I know you'll be able to take care.,"""I'm sorry, I didn't mean to startle you.""",0,0,0,0.0,0.0
gemini_2_5_flash,Gemini 2.5 Flash,video_0176,d4f0ce3069949dc4c5139c704f14989b0144a300c6ee1e043be85da6593efa29,"Well, grandpa wanted me to study engineering like him. Well, I wasn't clear about my future, but I knew engineering was not for me. What did you tell grandpa? The truth. Then you're not upset about my not wanting to go into medicine. I'm not upset at all, I'm just happy that we're able to talk about it.",What should the man in blue say?,"I am too, dad.",Are you sure about that?,50,50,25,41.666666666666664,37.5
gemini_2_5_flash,Gemini 2.5 Flash,video_0187,1277a1a248e0630111100b7b2c1e6d37000084b832b56d22688c2cec93fc96bd,Children usually resemble their parents. It's true. Michelle is a lot like Harry in so many ways. And she shy with new people just like he is. You really like Michelle don't you.,What should the woman in blue say?,"Yes, I'm very fond of her.","""I'm sorry, I didn't mean to upset you.""",25,0,0,8.333333333333334,12.5
gemini_2_5_flash,Gemini 2.5 Flash,video_0189,58a5c038371a53b094b00b87d116e6927d0497159acfc37fe2a07f71963ba07a,"As a working woman, I think New York has all the conveniences, including the best tomatoes. The truth is, I'd like to live in the city. Michle's the right age. There are lots of things for her here.",What should the woman say?,"You're right, Harry.",Are you going to eat that?,0,0,0,0.0,0.0
gemini_2_5_flash,Gemini 2.5 Flash,video_0191,3d3488a29f310df44d7580ce54ffc54f8bd244783f7ab27cde23f465d419628f,"Susan, I, I really appreciate you doing this for Michelle and her friends. Oh, please, Harry, it's nothing. I'm not just doing it for Michelle. I'm doing it for you.",What should the man say?,Thank you.,"""I'm sorry, I didn't mean to startle you.""",0,0,0,0.0,0.0
gemini_2_5_flash,Gemini 2.5 Flash,video_0192,159222192cd5a9be33650bc574b8cceda834eacfc44d263f4ab6fce9ff0a80b4,"That makes me feel good. What, Harry? What makes you feel good well? That you care about Michelle, that you care about me and that you care about us. Well, Harry, that that's because I do. I do care. They'll be here any minute. Susan, I'd like to...continue this conversation later.",What should the woman say?,"Of course, Harry.","""Are you sure about this?""",25,50,50,41.666666666666664,37.5
gemini_2_5_flash,Gemini 2.5 Flash,video_0193,dfce34b96334a9d655c64e98de68c3037c8f4ae6c215ab5c4f9155119bfb9dda,"Susan, will you marry me? It's such an important decision. There's so many things to talk about. There are three things that have to be done first, Harry. Three things? First, we have to decide where to live. Well, that's easy we talked about that earlier. We'll live in New York. All right. Second, we have to talk to Michelle together about being married. We'll do that immediately. What's the third thing? You have to ask for my father's permission.",What should the man say?,Absolutely.,"""I'm sorry, I didn't mean to upset you.""",0,0,0,0.0,0.0
gemini_2_5_flash,Gemini 2.5 Flash,video_0196,61f4009720c8a7e2f3158509540005c73c4d712ff5f98d332410712f80fb1f18,"Come on, Mar. It's time you and I had a romantic weekend alone together. We've earned it. What do you say? It does sound tempting. You're right, we burned it.",What should the man say?,Great.,I love you.,100,75,75,83.33333333333333,87.5
gemini_2_5_pro,Gemini 2.5 Pro,video_0001,72f7c031f33cc4fa504d2ebc227666a52c6f44c38faae8984ddfd4c0854b1202,"As you know Whitney has been a one woman wrecking ball, strong arming every college student who dares cross her path in adjoining Tinder.Judging by these numbers guys, they're telling their friends, Okay",What should the man with his hand on the woman's shoulder say?,so I'd like to officially announce that Whitney is the newest and certainly the most feminine cofounder of Tider.,"Great job, team",25,25,25,25.0,25.0
gemini_2_5_pro,Gemini 2.5 Pro,video_0002,282c0dd7f2b803c2007cc668b501629dc32f972383489c1c7e0839c62f5a9c37,"When we filed the suit.You know, you said we had a strong case and we do you demonstrated a pattern of abuse that is systemic and company wide right and the picture of these text messages paint well, Justin Mat would exactly cut a sympathetic figure for a jury I mean he was suspended which is why we were able to get this settlement figure so high Now",What should the woman sitting in the middle say?,"the money is nothing.It's not nothing to me, it's a crazy amount to me, but for them it is a slap on the wrist",I'm not going to be silent anymore.,25,25,75,41.666666666666664,50.0
gemini_2_5_pro,Gemini 2.5 Pro,video_0004,aeaee1b4fd6e9b1e2935eecb617e897ec0908dd12a6ba4f95aa66d35eb6f2ed1,"Hi, I've got a form to hand in. Name? Mr. Capp. Your name. Emily. No, if you name's not down, you're not coming in. I don't want to come in. I just want to give this to Mr Capp. Oh yeah that old one. I'll go inside I look for this Mr. Capp. Meanwhile you and all your mates sneak in.",What should the little girl say?,"What mates? I don't want to come in, I just want to give him this form.",Can I get you a late slip?,25,0,25,16.666666666666668,25.0
gemini_2_5_pro,Gemini 2.5 Pro,video_0011,f056ef0fa693e76156b04678621078c9f9cc9be576971cff3c5538bea9d2f57b,"Er, Dave. Sir. Sh. I'm on a stakeout. Right. Sorry. You know that bird you're trying to catch? Bird? Winged demon, more like. But there's no way he's getting away from me this time. Right, well, about that... I'm in a heightened state of alert. I could hear an ant cough a mile away. Doesn't sound like you need my help, then.",What should the man in camouflage say?,I got it all under control.,In a bit,25,0,25,16.666666666666668,25.0
gemini_2_5_pro,Gemini 2.5 Pro,video_0012,dda3df6df268525b69af6a28bbf9899c1ddbbb18ac806ee51f74d3ffde6c7ce0,"Good morning! Good morning. Mrs Collins, Ofsted. Here to see Mr Barker for the inspection. Certainly. One moment. Morning, Mr Barker. I've got a lady here to see you. Mrs Collins, Ofsted. Certainly. I'll let her know. Unfortunately, Mr Barker has been detained at the vets. He sends his apologies and asks if you'd mind showing yourself around? Of course.",What should the woman in yellow say?,Here's a map for yourself.,Computer says no.,0,0,0,0.0,0.0
gemini_2_5_pro,Gemini 2.5 Pro,video_0016,29b0c7062014eba471e1d23ce55aee59f964e6e723e3b4f6a1e2b78dc99bfdc5,"Okay, let's take a look. Good, very good. Family album U.S.A, is an excellent title. If you had to describe the book in one sentence, how would you do it? Well, I describe it as a book, which is a portrait of the United States, the places, the people, mostly the people. The things they do, the ways they live, the places they visit and the landmarks, a photographic journey.",What should the man with gray hair say?,These are wonderful.,We're done here.,25,0,0,8.333333333333334,12.5
gemini_2_5_pro,Gemini 2.5 Pro,video_0019,a01b0cf75369580a877bc913373b214463dd6f3b604c1a2b6c701697bbbf7cf3,"When do you think you can return with street performances? A couple of weeks. If they're as good as the rest of these pictures, it's a deal.",What should the man with black hair say?,"You won't be disappointed, Mr. Carlson. Thanks.",Surely you can't be serious.,0,0,0,0.0,0.0
gemini_2_5_pro,Gemini 2.5 Pro,video_0026,e09d47820b6c977834113cc0613483549a8c968d9df35364d8bb68a005c35494,"Hello, Mr. Maxwell. How are you? I just called to tell you that you are very impressive, you lost the election, but you won the attention of the residents of Riverdal,e of Boswell, and of me.",What should the woman say?,"Thank you, Mr. Maxwell, I appreciate your kind words.",What do you mean?,25,25,0,16.666666666666668,12.5
gemini_2_5_pro,Gemini 2.5 Pro,video_0030,d7f19e5333ad991396ac576e094f9a630662629ebfe251b6c907dbf439a6ce72,"Where's mom? She went to a school board meeting. I don't know how she does it, she sure keeps busy. It's important to her. There are lots of places to go, lots of things to do. She can't sit around and do nothing, Philip works late.",What should the young man in grey say?,I guess you're right.,We need to talk.,25,0,25,16.666666666666668,25.0
gemini_2_5_pro,Gemini 2.5 Pro,video_0031,373b3b8ce0ec99c140310913862d480c6a56a961e09376fddebc0c77254cbbf5,"You' been working late almost every night this week, Dad, Aren't you exhausted? I don't have time to be exhausted. You and mom haven't had dinner together with us in almost a full week.",What should the man in the white shirt say?,"Yeah. I feel bad about us not having dinner with the family, but our schedules are so different.",How can you be so cavalier?,0,0,0,0.0,0.0
gemini_2_5_pro,Gemini 2.5 Pro,video_0034,95ef400b7153d19732b985c3ed18f18bd8e805928a58e18defb384743f1c9706,"Hello there,Robbie. What are you doing up this late? Reading. Reading? At this hour? Come on, Robbie, what are you doing up this late? Things on my mind. Do you care to talk about them?",What should the man say?,"Sure, if you don't mind listening.",You can't be serious.,0,25,0,8.333333333333334,0.0
gemini_2_5_pro,Gemini 2.5 Pro,video_0035,577fe5603c44388d66a0dcf31850f2b7648a05429e0214d0b7246481a4e64fda,"If you have something you want to talk about, I'm always prepared to listen. You haven't been around much lately. So that's it. Okay, let's talk. You and dad are like ships that pass the night. Dad works hard and he works late. You work hard on all your committees and you work late. I thought you were proud of the work I do.",What should the man say?,"I am, mom, real proud. You are one fantastic mom, but, but I've been noticing how little quality time you spend with dad and me and the family.",Are you serious?,0,25,25,16.666666666666668,12.5
gemini_2_5_pro,Gemini 2.5 Pro,video_0037,28e247f0d079d5d068cacd35b60c3624c3cb57acf075d5ca683f744f007cd886,You're right. We'll do it. I'm going to talk to daddy about it right now. But dad was so exhausted when he came home from work. Why don't you talk to him about it tomorrow?,What should the woman say?,You are a very smart young. I think I'll wait until tomorrow.,"You listen to me, and you listen good.",0,0,0,0.0,0.0
gemini_2_5_pro,Gemini 2.5 Pro,video_0038,67f6b01519391983b9457b61704a531d8581cd21b0f1d2d6e8c6f812d2cafa3f,"I've been trying to find a way to encourage reading. Good luck. Oh, I think I may have found a way to do it. Yeah, tell me about it. I work with families every day, Ellen, I see how people spend their leisure time-- young and old. Mostly watching television. Well, that would be okay if and I repeat, if People took the time to read. I couldn't agree with you more. The question is, how do we get them to read more? I think you're going to give me the answer to that question, you... you have that look in your eye.",What should the woman say?,"I do have an answer, Philip, or at least I think I do.","You don't even care, do you?",0,0,0,0.0,0.0
gemini_2_5_pro,Gemini 2.5 Pro,video_0039,22f9e7ab9be651b79ecd49e85c69a7fd65213ef0f7e3dcf167e030967196c425,"But how do you plan to do that? By arranging with the public schools to schedule one hour a week to start with. During that time, parents are invited to attend and to read along with the children, their children. It can go beyond the schools, Ellem. Really? I guarantee you it would go very well in the hospitals. As my patients, mostly kids would would love to read and be read to. You think so? I know so. Maybe we can experiment with your patients and see how the plan works.",What should the man say?,I love the idea.,What do you want from me?,0,0,25,8.333333333333334,12.5
gemini_2_5_pro,Gemini 2.5 Pro,video_0040,33eb11b2a8b576f9a61762ceb114a9307361be194fe79d521d45759dd7bfacf0,This would be a wonderful way to accomplish that. I have a question. Yes? What do we read? To the patients in the ward? Yes.,What should the woman say?,Well let's you and I talk about it.,What is wrong with you?,0,0,0,0.0,0.0
gemini_2_5_pro,Gemini 2.5 Pro,video_0050,3146d7c2e979493b6f74ddf83b7779800ff751ac38ecc9e910a43fed3a69cf3b,"I think that you're very successful and that you have a fantastic reputation in the toy industry, I think you could talk to Mr. Marra.And I think he could help you find a real good job in Los Angeles. He was very helpful to me. Remember?",What should the woman say?,I suppose I could call him.,What are you trying to say?,25,0,0,8.333333333333334,12.5
gemini_2_5_pro,Gemini 2.5 Pro,video_0051,091a8d9f03820efad90a6e59a45d9a1a9a7741cdf0d20cdde9646835ca3fd466,And what about Michelle? What do you think? I think Michelle is better off staying where she is. What does she think? I don't know for sure.,What should the man say?,"Well, you should have to ask her.",You've put me in a very difficult position.,50,0,25,25.0,37.5
gemini_2_5_pro,Gemini 2.5 Pro,video_0053,774985ea2eb38d0033b63aa87bda99a532ad2ec657c28c0f173b45a7ac580004,"I met with Bill York today. And I talked with Mr. Marchcheta. Did York make the offer? Yep, he asked me if I want the job. That's exciting, Harry, what was it? A vice presidency with the biggest accounting company in the country, craft and craft. Aren't you excited about that.",What should the man say?,Sure I am.,I've got you.,0,25,0,8.333333333333334,0.0
gemini_2_5_pro,Gemini 2.5 Pro,video_0054,00ad1fed45fcf1af2a51c87511d491cef21b1d38a7f35de862ab4673daf705fa,"I talked to Mr. Marceta. What did he say? Did you tell him about me? Of course, Harry, I want what's best for you. And I think I can get a good job through Mr. Marcetta in Los Angeles, also. You're kidding.",What should the woman say?,"No, I'm not kidding.",I don't believe you.,25,0,25,16.666666666666668,25.0
gemini_2_5_pro,Gemini 2.5 Pro,video_0056,2db8c36d240fe6fd81a2b039a69a113fca158cb308f292be57530809f15ef4e6,"Come and sit down for a minute, Michelle. I'd like to talk to you about something, something important. What's wrong, Susan? Oh there's nothing wrong, Michelle, but your daddy and I are talking about something that I'd like your opinion about. I know. I heard you talking about it the other night when I was trying on my new clothes. It's about moving to Los Angeles.",What should the woman in blue say?,"You're right, How do you feel about it?",I'd have sex with him in a minute.,0,0,0,0.0,0.0
gemini_2_5_pro,Gemini 2.5 Pro,video_0065,19e97a58cd6fd40f4b675f89a5e34fae98bd7107badc4f1c9be6a994260d6793,"I'm sure Rita may will understand and wait until you're ready to go back to work. Well, maybe she will and maybe she won't, who knows? If I don't accept her offer, Maybe she'll find someone else in the meantime and when I'm ready to go back there won't be a job for me.",What should the man say?,"That's something to consider, you've got yourself to think about too.",I'll have what she's having.,0,0,25,8.333333333333334,12.5
gemini_2_5_pro,Gemini 2.5 Pro,video_0066,624da8950a3c066a7dc07dcf0abf1e87c0de11059e21964acf26efd0eef0c849,"There are so many things to consider one thing that makes it easier for you is is that you have us Max will always have a family member to watch over him while you're at work.I didn't have that when Richard and Susan were born, What did you do, I chose to continue with my career as a music teacher who hired a woman to watch Richard and then Susan. And I continued with my career. Do you think you made the right decision?",What should the woman in pink say?,I think I did.,Oh my God,0,0,0,0.0,0.0
gemini_2_5_pro,Gemini 2.5 Pro,video_0074,9ef784e1c7aed35cbfaab4f8063599264087e4c537ae09f4a7c04f0401ef7c8a,"Do you remember our talks about custom design dresses for the boutique? I sure do. Why can't I design dresses for you here at home and make them here. Have the fittings here, too. And I could do the selling and the pricing at the boutique.",What should the woman in white say?,Exactly.,What are you talking about?,0,0,0,0.0,0.0
gemini_2_5_pro,Gemini 2.5 Pro,video_0075,9ea252299012df9c554662daa42fa2c367bdddcc0391618376529d48bf30c098,"Oh, what kind of dresses would you design? I've thought about that for some time. Yes? Wedding dress. Wedding dresses. Brilliant idea. There's a big market today in wedding dress.",What should the woman in white say?,That's what I thought.,"Oh my God, I've left the iron on",0,0,0,0.0,0.0
gemini_2_5_pro,Gemini 2.5 Pro,video_0086,e5d6938906015d0aff062951f690a15924414b5d024c7fe05a74c89faa5df880,"Well, now that you're here you can help me with dinner. I need those potatoes peeled and sliced. Mom, give me a break. Alexandra's coming over to help me study for my math final. Well, in that case, you can wash the dishes and clean up after dinner. Can I invite Alexandra to stay for dinner? Of course. Thanks, mom. You and Alexandra have become good friends, haven't you?",What should the man say?,"Yes I like her, she's a terrific person.",She's pregnant.,0,0,0,0.0,0.0
gemini_2_5_pro,Gemini 2.5 Pro,video_0087,60e1c4f8b6d24ab2a33dead064548e44b7144b08bcc159d2dd70948b9ce51566,"I'm going to miss her when she goes back to Greece. Would you like to give her a little farewell party? Mom, that would be terrific! Maybe we could make it a surprise. Oh I don't know surprise parties don't always work out well. Well, we could tell her it's a graduation party for me. When Alexander arrives, we'll surprise her.",What should the woman say?,"Well, I suppose that might work.",You did what?,0,0,0,0.0,0.0
gemini_2_5_pro,Gemini 2.5 Pro,video_0089,c5ed32f2eaccc7ea3bfff28d1c3d51a1fb28f29070284406f1b7ca32d8e96cd9,"My friend Alexandra is going back to Greece. Nice girl. We'll all miss her. Mom says we can give her a going away surprise party. Good idea. And I'd like to get her a nice gift. What' do you have in mind? Well, a wristwatch, so she'll think of me when she looks at the time, nothing flashy, expensive, something simple, but a good one.",What should the man in light blue say?,"Sounds fine, Robbie.",You have to believe me.,0,0,0,0.0,0.0
gemini_2_5_pro,Gemini 2.5 Pro,video_0093,3ee7ae7e3a80d61450929c3b46091bf6555fe4c9f306d951e0598a3e84b537d4,"She's really a good friend, isn't she? Yeah. You are going to miss her. Am I going to miss her?",What should the woman say?,"That's what I said, you are going to miss her.",I've got it,25,0,25,16.666666666666668,25.0
gemini_2_5_pro,Gemini 2.5 Pro,video_0098,6b4d8294ac62fb9a83ba59939dab754e25ce743e5610f7d367eafacdd3c3b6d3,"I can't believe this is really happening! You've earned it. Years of work went into these pictures. I know, but it's still a dream come true. Well, remember we're not sure what the critics are going to write about your show yet. And you never know what the man from the New York Times is going to say about it. Are you worried?",What should the man with silver hair say?,I always worry.,You need to trust me on this.,50,0,25,25.0,37.5
gemini_2_5_pro,Gemini 2.5 Pro,video_0101,c33a9d79ce42261cff17d9336498be50577d4a039ad53f507e88d9426b070a96,"How about guests? How many people will you be bringing? Well, my family, I guess. My wife, Marilyn, my father and mother, my brother Robbie, my sister and her husband and their daughter. And my grandfather. Is that too many? No such thing as too many at an opening. I hope they like it. Your family or the public? Everybody, but especially my family, and they've stood by me through all this.",What should the man in the black suit say?,I'm sure they'll like it.,I've hacked into the most secret government and corporate personal files.,0,0,0,0.0,0.0
gemini_2_5_pro,Gemini 2.5 Pro,video_0105,b01226ecccd8e450c43d6e670273da6fa1c2cb1a72373113b25bcbc32c54b89a,You're going to be a great success. Are you ready? As soon as I get these cuff links on. Let me help. Mom and dad are already on their way down to the gallery. There. You look very attractive.,What should the man say?,Thank you.,I can't do this anymore.,0,25,0,8.333333333333334,0.0
gemini_2_5_pro,Gemini 2.5 Pro,video_0106,7a2d09f9a29f1afb099dd8e1fd4119c0fd2c4cd5a28e21e51085c83945ce3fe8,"What is it? There's nobody here. Of course not, Richard. Your show doesn't begin until eight thirty.",What should the man say?,"Oh, right.","I came here tonight because when you realize you want to spend the rest of your life with somebody, you want the rest of your life to start as soon as possible.",0,0,0,0.0,0.0
gemini_2_5_pro,Gemini 2.5 Pro,video_0116,6aa927c80ccfb8a96e507480c5bac58e943a85fe6d258b337596126d84c8ff23,"Here's to a very special Christmas. To a very special person. To a great singer. Now, to make my day complete,I'm gonna call Alex. Let me wish him a",What should the man say?,Merry Christmas.,Will you marry me?,0,0,0,0.0,0.0
gemini_2_5_pro,Gemini 2.5 Pro,video_0117,1981bbfbdcc4fea72ca3b4554a863b9d6df3224bd95309aaf128c76061c7548d,"Would you like to open your present? I'd love to. I have a present for you, too... under the Christmas tree. Well, you open your gifts first. All right. Merry Christmas and a Happy New Year. Your friend, Alex. He made the statue at school. 'Mighty Casey at the Bat'. What a riot! I'll keep it forever. It's so cute. All right,",What should the woman say?,Now you open your present.,"Oh, I love it. Thank you.",50,25,25,33.333333333333336,37.5
gemini_2_5_pro,Gemini 2.5 Pro,video_0129,e00dfdd106c0124f968da6a99f6116882531e076367eeeefab104947cd58f547,"Honey, where should I put the candy dishes? Here on the table? Sure that's fine. Oh did you ask Greg to bring the ice cream? Oh no I forgot. Oh well, we'll still have enough food. Sorry Mia.",What should the woman say?,That's okay.,I'm so glad you're here.,25,25,25,25.0,25.0
gemini_2_5_pro,Gemini 2.5 Pro,video_0133,731037d29ef79f012f8f3c2d734e222564d379302cca2747f0639036caa97bb5,"What's wrong, Becca? I met the new manager of the Net cafe. And you don't like him? No, he's going to change a lot of things. He thinks I'm a bad manager. He said that? No, but I know that's what he thought. Well, it doesn't matter. I'll be in Atlanta. And we'll be in Brazil. So you sold the stop in shop? Yes, I haven't met the new owner yet. His name is Tyler Adams. Tyler is the new manager of the Ne Cafe.",What should the woman in purple say?,Really? I'm sorry you don't like him,"I'm sorry, but that's our policy.",0,0,0,0.0,0.0
gemini_2_5_pro,Gemini 2.5 Pro,video_0138,348c9e17480d34574fbb9095fd34aee144028d31f1409a8842034de66686973f,Perhaps you're the deputy deputy head. Perhaps you're the deputy deputy head. I can see we're going to have to find Mr. Barker at once to resolve this matter.,What should the man say?,"Yes, I was just going to say that.",I'm sorry?,50,25,25,33.333333333333336,37.5
gemini_2_5_pro,Gemini 2.5 Pro,video_0139,0e63f80890a93ba7b3b9c074002251aa6c38277cac8d0728dc1f85f297f0a904,"My yes! A very accomplished piece of work, Emily. It really draws you in, doesn't it? Thanks Miss. But is it finished? Yes miss. Is it? Yes miss. Of course it is. How silly of me. Do you think it could do with maybe justum one more thing?",What should the little girl say?,I think it's done.,Am I the canvas now?,25,0,25,16.666666666666668,25.0
gemini_2_5_pro,Gemini 2.5 Pro,video_0140,23eeef415d455c5209ef65ff08b7e25112dfd8c47411e1073cbb691e1ec7cf67,"Well? What does that mean? Oh, don't be coy with your godmother. Are you two an item yet? Well, he asked me to spend New Year's Eve with him. And I'm going. Good.",What should the old woman say?,So it looks like it's going to be an interesting new year.,"Merry Christmas, dear.",50,50,25,41.666666666666664,37.5
gemini_2_5_pro,Gemini 2.5 Pro,video_0143,c255a87e6c317b57ff5d3a57b6643942268ba47afea11c05c9520f92749c583d,"What are you doing Saturday? You mean, New Year's? Nothing, I guess. Why? Well, this could be our last New Year's together, right?",What should the boy with glasses say?,Yeah!,"Wait, you can just have a friend and do stuff together?",50,0,25,25.0,37.5
gemini_2_5_pro,Gemini 2.5 Pro,video_0149,7e01904ad966654e1318a995d45efdf399e0460563a053a448e2022db83e3100,"Excuse me. Can you help me? Sure, what do you want? Where is 83 Wooster Street? That's easy. Walk to the corner. Then make a left turn. Then walk two blocks to the traffic light. Make another left to Wooster. Thank you. To the corner and then a left?",What should the man in the blue shirt say?,Yeah. A left.,The leads are weak.,0,0,0,0.0,0.0
gemini_2_5_pro,Gemini 2.5 Pro,video_0155,be23d4cbc0691bd9f863eddc77e542f7f64541cd00dfc9ae4fc554ede95287f8,"Two years ago,my wife died. You miss her. I do... yes, but l have Michelle... and with time... Is there anyone else in your life? No, not yet.What about you?  Oh, I date occasionally, but my work keeps me busy. Harry. Yes? I'd like to meet your daughter someday. Does that mean that I can see you again?",What should the man say?,Of course.,"As God is my witness, I thought turkeys could fly.",0,0,0,0.0,0.0
gemini_2_5_pro,Gemini 2.5 Pro,video_0160,822c222a8ebf81e5dee16a48e971f0b353568032ad181b108b601660f1abc87e,You are not going to be able to move after this and the aerobics class. Are you kidding me? It's going to be a piece of cake. You want to bet?,What should the woman say?,Yeah. What's the bet?,I thought the ceiling was collapsing,0,0,0,0.0,0.0
gemini_2_5_pro,Gemini 2.5 Pro,video_0162,9ef303afc9842e76a78650d7aa682e3436f570e05e42d0ade6df9acc0a943cdc,"Well, I didn't really exercise. I knew it! I wanted to,but Jack Davis needed a photographer. I'm sorry, Marilyn. I don't understand. Did you exercise or not?",What should the man say?,No.,I got a haircut.,0,0,0,0.0,0.0
gemini_2_5_pro,Gemini 2.5 Pro,video_0164,3f2e5ff521c3fb78dfb8b5889e3b8c1813e423c1931e0ff36aaa906e81c53f20,"Do you have any other plans for the day? I'll work on my computer. I have a new math program,and I want to learn how to use it. Maybe you can teach me how to work on a computer someday.",What should the man in green say?,Anytime. It's really easy.,This is a disaster! You've got to help me,0,0,0,0.0,0.0
gemini_2_5_pro,Gemini 2.5 Pro,video_0166,850af4ee9f8f1f796bbc1fb94301650e3a6f0c18056a4145b859a59be095a908,"Robbie says you can't take him to the game today. I really feel bad about it, but they need me at the hospital today, in the children's ward. l understand. Maybe we can spend some time together next weekend.",What should the elderly person say?,Definitely. We should.,That was my hot dog,0,0,0,0.0,0.0
gemini_2_5_pro,Gemini 2.5 Pro,video_0168,720ad38c4880188162446e028e25790efb81e14fff35c64dd79abdec2fa2fea8,"Is something wrong, Alexandra? No, nothing. Yes, there is. I can tell. What's the matter? Come on, you can tell me. What's up? I don't know. Something's wrong.",What should the man say?,"OK, let's talk.",You can talk to me.,100,100,100,100.0,100.0
gemini_2_5_pro,Gemini 2.5 Pro,video_0171,c4ab1ccdf160ff3e6e32e887c66974123c5d71d9ceb061dd696e2082d214ddde,"This dog is well trained. And she likes you too. So how are we going to find the owners? With a little help from the ASPCA, the American Society for the Prevention of Cruelty to Animals. They're the ones. We once found a cat. She was caught in the branches of our tree. And dad called the ASPCA. They came and solved the problem.",What should the woman say?,"Robby, let's call them.","There we go, almost done.",0,0,0,0.0,0.0
gemini_2_5_pro,Gemini 2.5 Pro,video_0172,0ff8a77d65a01c28b7dc6ac0700533f56a04cf754a5fb8ddd19f57ed9849c92a,"Let's take Gemma by there now. They'll find the owner. I hope so. I'm so sad to see this little dog without her family. I'm sure they'll find the owner. But if they don't, I'll adopt her. She's so cute. Look at those eyes. She's hard to resist, don't you just love her?",What should the woman say?,"I like to keep her, too.",He's so adorable.,25,50,75,50.0,50.0
gemini_2_5_pro,Gemini 2.5 Pro,video_0174,4ddb7334d4c08f8cd23ff02b8cd186eed091a11d118adc0cb25d05976eaf3b76,"I need your special talent for handling special matters. Like what special matters? Well, I have a scheduling problem. Yes? I have three tonsillectomies set for Friday with Dr.Earl. Yes? I need to fit a fourth operation into his schedule. And... I know you can do it. Well, I'll try to arrange the scheduled, Dr.Stewart. But it's not going to be easy.",What should the man say?,I know you'll be able to take care.,You have to listen to me.,25,0,0,8.333333333333334,12.5
gemini_2_5_pro,Gemini 2.5 Pro,video_0176,8d494938264d03ffb79bfb1b73d10e6e2a83693307aeea0a086b80080d1defc9,"Well, grandpa wanted me to study engineering like him. Well, I wasn't clear about my future, but I knew engineering was not for me. What did you tell grandpa? The truth. Then you're not upset about my not wanting to go into medicine. I'm not upset at all, I'm just happy that we're able to talk about it.",What should the man in blue say?,"I am too, dad.",What are you talking about?,0,0,0,0.0,0.0
gemini_2_5_pro,Gemini 2.5 Pro,video_0180,945ad098e24d0fda7116eecaa04566684f17490f3cd8b4b88f979924a9d2cc54,"When did you buy a house? After Richard was born. I was teaching music, and Philip was opening his first medical office. Where was the house? Right here in Riverdale. Of course, it was a small house, but just right for us. It's funny, history repeats itself. Now Richard and I are having a baby, and we probably won't be able to afford a house right away, either. Why don't you look at some houses, Marilyn?",What should the woman in black say?,Good idea.,"So, what are you going to do now?",25,0,50,25.0,37.5
gemini_2_5_pro,Gemini 2.5 Pro,video_0183,bb5af6b12740199a529d67e2e09af0d025eafbdfd5d46a906eba3ab7d5459919,"Oh, my! Here's a real buy. It's a bargain. This house just came on the market. It's quite lovely. Is it a two bedroom house? No, it has three bedrooms and three baths. I know the house. It has a brand new kitchen, and a living room with a 12 foot ceiling and there's a two car garage. The why don' we go look at this house, too?",What should the woman in pink say?,It's a good investment.,"And after waiting for two hours, he tells me I have the wrong form.",0,0,0,0.0,0.0
gemini_2_5_pro,Gemini 2.5 Pro,video_0186,0ec3ff3c97fbd077d0af964af704db6f999452c4797525e0d91fbf388cf549ae,"What about the house in Mount Kisco? Somebody else will buy it by then. Well, then there'll be other house, Marilyn. Oh Richard has a point. You're just beginning to look. We're no great rush. It's true. This has been a great learning experience for us, Marilyn. Talking to the real estate agent. Looking at the houses. Talking to the loan officer at the bank.",What should the woman in white say?,"It has been a learning experience, that's true.",I believe you.,50,100,25,58.333333333333336,37.5
gemini_2_5_pro,Gemini 2.5 Pro,video_0187,1288af9e5d8602f11379279c9e0532ead586f899d337fd4baddf237bea1a4413,Children usually resemble their parents. It's true. Michelle is a lot like Harry in so many ways. And she shy with new people just like he is. You really like Michelle don't you.,What should the woman in blue say?,"Yes, I'm very fond of her.",What do you mean?,25,25,0,16.666666666666668,12.5
gemini_2_5_pro,Gemini 2.5 Pro,video_0188,92f2c8077d23d20cbdbd8274e9537ce3aa24981694c170d3120d0964c4f4890c,"You like living in New York, don't you? Oh I love it, it's so convenient. I can take the bus to work...or the subway...or a taxi. And there's so much to do. Lots of movie houses and the theater. I know what you mean. I'd like to live in the city, but living in New Jersey in the suburbs is better for Michel. Trees, grass.",What should the woman say?,There's a lot of good things about suburban living.,"You lost everything, didn't you?",0,0,0,0.0,0.0
gemini_2_5_pro,Gemini 2.5 Pro,video_0189,f8f515931d70cd8ff59578b27ec2ebaf04c45f9afb41307937610b2643492434,"As a working woman, I think New York has all the conveniences, including the best tomatoes. The truth is, I'd like to live in the city. Michle's the right age. There are lots of things for her here.",What should the woman say?,"You're right, Harry.",You're going to cut your finger off.,0,0,0,0.0,0.0
gemini_2_5_pro,Gemini 2.5 Pro,video_0192,db41ccbbe04d2d9064a25d4c09efec06d216aa7a6d080371d8999bad9d182c91,"That makes me feel good. What, Harry? What makes you feel good well? That you care about Michelle, that you care about me and that you care about us. Well, Harry, that that's because I do. I do care. They'll be here any minute. Susan, I'd like to...continue this conversation later.",What should the woman say?,"Of course, Harry.",What are you talking about?,0,0,25,8.333333333333334,12.5
gemini_2_5_pro,Gemini 2.5 Pro,video_0193,3b5a78d2c42578f9c219ffa5998af7f8f9f83708bc58fc46e3e4d0984479a2ad,"Susan, will you marry me? It's such an important decision. There's so many things to talk about. There are three things that have to be done first, Harry. Three things? First, we have to decide where to live. Well, that's easy we talked about that earlier. We'll live in New York. All right. Second, we have to talk to Michelle together about being married. We'll do that immediately. What's the third thing? You have to ask for my father's permission.",What should the man say?,Absolutely.,It's not what you think.,50,0,0,16.666666666666668,25.0
gemini_2_5_pro,Gemini 2.5 Pro,video_0198,cd255d54154099d00db030186155d876f985de87020882c67276e4c23d59b599,Thank you for calling us. I remember you and your wife from the first time you stayed with us. We were very young. And very much in love. We have a baby now.,What should the woman in white say?,How wonderful! A boy or a girl?,What have you done?,0,0,0,0.0,0.0
gemini_2_5_pro,Gemini 2.5 Pro,video_0199,5dd702b2d2f54a3816b3c0ec96e3193c1bd446224a4be0e46b8714d085a1fbe1,"Let's eat first. I want to call home and check on your mother and the baby. Honey, if there were any problems, she would call us. She doesn't know we've changed hotels.",What should the man say?,"You're right, of course.",What's wrong?,25,0,25,16.666666666666668,25.0
gemini_3_flash_preview,Gemini 3 Flash Preview,video_0001,742de6a543834b56b1a0e48bc79b21027c7b6fd2714c8866053783e56f231753,"As you know Whitney has been a one woman wrecking ball, strong arming every college student who dares cross her path in adjoining Tinder.Judging by these numbers guys, they're telling their friends, Okay",What should the man with his hand on the woman's shoulder say?,so I'd like to officially announce that Whitney is the newest and certainly the most feminine cofounder of Tider.,"""Look at that!""",25,0,25,16.666666666666668,25.0
gemini_3_flash_preview,Gemini 3 Flash Preview,video_0002,07469f3097345bbbc6303dd55b6e57da83bf33a5c88f57c8f5b0e39d505d4712,"When we filed the suit.You know, you said we had a strong case and we do you demonstrated a pattern of abuse that is systemic and company wide right and the picture of these text messages paint well, Justin Mat would exactly cut a sympathetic figure for a jury I mean he was suspended which is why we were able to get this settlement figure so high Now",What should the woman sitting in the middle say?,"the money is nothing.It's not nothing to me, it's a crazy amount to me, but for them it is a slap on the wrist",I think it's a buy.,0,0,25,8.333333333333334,12.5
gemini_3_flash_preview,Gemini 3 Flash Preview,video_0003,4c29f080c08f4fd813f90aaf2f5067d29e68bd71ef02ec425d8cb94660139ed7,"All right, all right, your sandwich for the cheese toasie, the bag of scratchings and a chocolate bar. Come on, I'm robbing myself. I don't want to swap it.  All right, all right, here's what I'll do. The toastie, the scratchings, a choccy bar and...a roast dinner with all the trimmings. How long has that been in there? Come on, I'll throw in the briefeases well. Fine, just take it. Lovely.",What should the woman in green say?,Pleasure doing business with you.,"""Roast chicken, roast potatoes, stuffing, gravy.""",0,25,0,8.333333333333334,0.0
gemini_3_flash_preview,Gemini 3 Flash Preview,video_0011,ab55e5dab003ba1bf6ebe8f5bbb7201c6b6412569f776d2064224f3de04dc5a7,"Er, Dave. Sir. Sh. I'm on a stakeout. Right. Sorry. You know that bird you're trying to catch? Bird? Winged demon, more like. But there's no way he's getting away from me this time. Right, well, about that... I'm in a heightened state of alert. I could hear an ant cough a mile away. Doesn't sound like you need my help, then.",What should the man in camouflage say?,I got it all under control.,Hennimore! I'm going birdwatching this weekend.,0,0,0,0.0,0.0
gemini_3_flash_preview,Gemini 3 Flash Preview,video_0020,b16243a7aedcb5a8e7a6a5288be2e7d82af7e42ee5958c3de7a27ac6e07bcb34,"What a job! Good work, Richard! I'm so glad you like them so much. Like them? They represent your best work. Really?",What should the man with gray hair say?,Absolutely.,"""Shut your festering gob, you tit! Your mouth is full of snot, you useless piece of filth!""",0,0,0,0.0,0.0
gemini_3_flash_preview,Gemini 3 Flash Preview,video_0024,37b5a22b929d6a4e8a6e239bbd20a15612d1c13d23ce0dec6aebebee3d1381d5,"A lot of people would like my help. Do you have a story? I'm planning to run for the school board. Against Carter Boswell? Yes. Well, that is news. Will you announce that I'm running? Sure, but I need some information.",What should the woman say?,Of course.,"""Which part? The part where you insulted my profession, or the part where you ran out of the bar screaming?""",0,0,0,0.0,0.0
gemini_3_flash_preview,Gemini 3 Flash Preview,video_0026,1043fea68148d638b8c94c1bf7ca91efeadb00bd54fd5e1dd442bc6fccd7573f,"Hello, Mr. Maxwell. How are you? I just called to tell you that you are very impressive, you lost the election, but you won the attention of the residents of Riverdal,e of Boswell, and of me.",What should the woman say?,"Thank you, Mr. Maxwell, I appreciate your kind words.","""Roger, it's Edwina.""",0,0,0,0.0,0.0
gemini_3_flash_preview,Gemini 3 Flash Preview,video_0034,f208a932fb3cbd2bb775392b4b46877812899e9cb7b10f6e641427bba84af4c1,"Hello there,Robbie. What are you doing up this late? Reading. Reading? At this hour? Come on, Robbie, what are you doing up this late? Things on my mind. Do you care to talk about them?",What should the man say?,"Sure, if you don't mind listening.",Morning.,0,0,0,0.0,0.0
gemini_3_flash_preview,Gemini 3 Flash Preview,video_0035,15eddf1a8caf6a94fa890cae1b1500b47f787d720c88dbadf86a6fd18459de17,"If you have something you want to talk about, I'm always prepared to listen. You haven't been around much lately. So that's it. Okay, let's talk. You and dad are like ships that pass the night. Dad works hard and he works late. You work hard on all your committees and you work late. I thought you were proud of the work I do.",What should the man say?,"I am, mom, real proud. You are one fantastic mom, but, but I've been noticing how little quality time you spend with dad and me and the family.","I'm not hungry, Mom.",0,0,0,0.0,0.0
gemini_3_flash_preview,Gemini 3 Flash Preview,video_0037,0b0f09e87b8aede70bbd85a9e37cedfc7ba7953b82cab709982d73ca7c99008c,You're right. We'll do it. I'm going to talk to daddy about it right now. But dad was so exhausted when he came home from work. Why don't you talk to him about it tomorrow?,What should the woman say?,You are a very smart young. I think I'll wait until tomorrow.,"""Did you hear that?""",0,0,25,8.333333333333334,12.5
gemini_3_flash_preview,Gemini 3 Flash Preview,video_0038,1a9ec5abfdcd6239e6022e9fd0fd696cc46764225a9c7d0065b34fca994c2e2d,"I've been trying to find a way to encourage reading. Good luck. Oh, I think I may have found a way to do it. Yeah, tell me about it. I work with families every day, Ellen, I see how people spend their leisure time-- young and old. Mostly watching television. Well, that would be okay if and I repeat, if People took the time to read. I couldn't agree with you more. The question is, how do we get them to read more? I think you're going to give me the answer to that question, you... you have that look in your eye.",What should the woman say?,"I do have an answer, Philip, or at least I think I do.","""Therapy? What is that, a town in New Jersey?""",0,0,0,0.0,0.0
gemini_3_flash_preview,Gemini 3 Flash Preview,video_0047,49b5a3ff8f2d7ef2882633b63fe152959fffff45aada17d54635a6b324ac5c75,"Well, are you going to tell me what's on your mind, Harry? I have been offered a job with a major accounting company in Los Angeles. But first, tell me about the job, Harry.If it's a good one, then we'll make it work for us I have a client in the garment business on seventhth Avenue I do his taxes every year.He has a big sales office in Los Angeles, and the company in Los Angeles that does his major accounting work is looking for an executive. And he recommended me.",What should the woman say?,"That's wonderful, Harry. What about the salary?",Right this way.,0,0,0,0.0,0.0
gemini_3_flash_preview,Gemini 3 Flash Preview,video_0049,fda57345c6a84f460441455d9aa7365b06d72fe426f64b75734aa733c04e6509,"A real dilemma. Does it have anything to do with you and Harry? Yes, but I don't know where to start. Maybe I can help.",What should the woman say?,Tell me.,"Are you okay, Dad?",25,100,0,41.666666666666664,12.5
gemini_3_flash_preview,Gemini 3 Flash Preview,video_0050,a809e7d42ac5039ef0969f6d1eddc03a7b8d8490f823f755bb23038e3a0d98b4,"I think that you're very successful and that you have a fantastic reputation in the toy industry, I think you could talk to Mr. Marra.And I think he could help you find a real good job in Los Angeles. He was very helpful to me. Remember?",What should the woman say?,I suppose I could call him.,"""What's wrong, Pop?""",0,0,0,0.0,0.0
gemini_3_flash_preview,Gemini 3 Flash Preview,video_0056,689bbeb08060ee77eb2631720405c4ef8097c6dba5c097af3791935f3f31ed6e,"Come and sit down for a minute, Michelle. I'd like to talk to you about something, something important. What's wrong, Susan? Oh there's nothing wrong, Michelle, but your daddy and I are talking about something that I'd like your opinion about. I know. I heard you talking about it the other night when I was trying on my new clothes. It's about moving to Los Angeles.",What should the woman in blue say?,"You're right, How do you feel about it?","""Did you have a good time with Uncle Buck?""",0,0,0,0.0,0.0
gemini_3_flash_preview,Gemini 3 Flash Preview,video_0063,d73ce6d9f45eec04ea12afddce6960eed80973ea469affd5ecbf6d7527721fd3,"I've been thinking a lot about our responsibilities in the past few weeks I never stopped thinking about them. I've been with the question of whether I go back to work or not I see and I'm torn I really want to go back to work, use my talents and pursue my career in fashion design like we always thought I would, but now,I want to be with Max as a full time mother, especially when he's a baby.",What should the man say?,"I really understand, Marilin.",I know.,50,50,100,66.66666666666667,75.0
gemini_3_flash_preview,Gemini 3 Flash Preview,video_0066,e5ffefcc47a3927f94c99f8a567b435cc0351ce9047ebe0947b2edf3591de235,"There are so many things to consider one thing that makes it easier for you is is that you have us Max will always have a family member to watch over him while you're at work.I didn't have that when Richard and Susan were born, What did you do, I chose to continue with my career as a music teacher who hired a woman to watch Richard and then Susan. And I continued with my career. Do you think you made the right decision?",What should the woman in pink say?,I think I did.,"""To use us, degrade us, and leave us in a puddle of our own tears.""",0,0,0,0.0,0.0
gemini_3_flash_preview,Gemini 3 Flash Preview,video_0077,15f8e0219ab25a933df4886d41dbf1b740b6ecff0b91ee02276c6ab2b8355710,"Is something the matter, grandpa? The editorial in this paper that has my friend Nat Baker real upset, he's coming over to talk about",What should the elderly person in red say?,It is.,"""Hold on, let me finish reading this.""",75,100,25,66.66666666666667,50.0
gemini_3_flash_preview,Gemini 3 Flash Preview,video_0089,c86c0efe63371636e4eb7db22c8219e0e2073aab4ae423fa0752e95692775c9c,"My friend Alexandra is going back to Greece. Nice girl. We'll all miss her. Mom says we can give her a going away surprise party. Good idea. And I'd like to get her a nice gift. What' do you have in mind? Well, a wristwatch, so she'll think of me when she looks at the time, nothing flashy, expensive, something simple, but a good one.",What should the man in light blue say?,"Sounds fine, Robbie.","""I have this friend...""",0,0,0,0.0,0.0
gemini_3_flash_preview,Gemini 3 Flash Preview,video_0090,3c7e81a1ae5adfa098ce6e23cd370f6b3809caa4f7731c0fed77849132574eac,"Oh, and Robbie. Yes? You probably want a family car so you can drive her home after the party. Could I? If you drive carefully.",What should the man in grey say?,"I will, thanks dad.","""You will?""",50,0,50,33.333333333333336,50.0
gemini_3_flash_preview,Gemini 3 Flash Preview,video_0091,6cca69ba809b2d4f99a334a29f736266aebb7ba202d8bc1cca9807511af65de4,"When is your plane reservation for you flight to Athens? Sunday, why? Would you be able to come over Saturday night? Yes, I should be finished packing by then. My folks are giving me a little graduation party. Terrific! I'll pick you up. That isn't necessary. My dad's letting me borrow the car. Oh well, that would be very nice. About eight o'clock? Eight o'clock is fine.",What should the man say?,"Great, it's a date.","""Would you like some?""",0,0,0,0.0,0.0
gemini_3_flash_preview,Gemini 3 Flash Preview,video_0098,a678e200cf5a0b46988d9ef2a7f7568b405125bb14703dff8d05625a14ec219b,"I can't believe this is really happening! You've earned it. Years of work went into these pictures. I know, but it's still a dream come true. Well, remember we're not sure what the critics are going to write about your show yet. And you never know what the man from the New York Times is going to say about it. Are you worried?",What should the man with silver hair say?,I always worry.,"""Yes, I know, but it's a perfect fit.""",75,25,25,41.666666666666664,50.0
gemini_3_flash_preview,Gemini 3 Flash Preview,video_0101,7c9c1175f6a49e06b09c3cf162c0d0ef7dc2888f8897387a1923f9e19a66d223,"How about guests? How many people will you be bringing? Well, my family, I guess. My wife, Marilyn, my father and mother, my brother Robbie, my sister and her husband and their daughter. And my grandfather. Is that too many? No such thing as too many at an opening. I hope they like it. Your family or the public? Everybody, but especially my family, and they've stood by me through all this.",What should the man in the black suit say?,I'm sure they'll like it.,"""Max, I'm Barry Convex.""",0,0,0,0.0,0.0
gemini_3_flash_preview,Gemini 3 Flash Preview,video_0111,342c834c9a4baea29a9be4d066b34915e952af36a3f3a212e14abf33c15e4d78,"A cigarette? No, thanks. A lollipop. A lollipop? How old are you? Excuse me? I'm sorry. It's okay, I'm 25 years old. You're 25?",What should the man say?,Yes.,"""This is my son.""",0,0,25,8.333333333333334,12.5
gemini_3_flash_preview,Gemini 3 Flash Preview,video_0113,e32d0e54cf0daafaf00e9d2585120e42ff3efba6a3bc6a9f268de253b3bbf5db,Who is it? It's Jake. Jake. Jake Seltzer from the station. Jake. These are for you. Oh flowers.,What should the woman say?,"They're beautiful Jake, thank you very much.","""Oh, thank you! They're beautiful.""",100,100,100,100.0,100.0
gemini_3_flash_preview,Gemini 3 Flash Preview,video_0117,d3a2451da8276d768682750fe20ba8ec60587425978649deec79e001fd4d61ff,"Would you like to open your present? I'd love to. I have a present for you, too... under the Christmas tree. Well, you open your gifts first. All right. Merry Christmas and a Happy New Year. Your friend, Alex. He made the statue at school. 'Mighty Casey at the Bat'. What a riot! I'll keep it forever. It's so cute. All right,",What should the woman say?,Now you open your present.,"""Oh, it's a baseball player! Thank you!""",75,0,75,50.0,75.0
gemini_3_flash_preview,Gemini 3 Flash Preview,video_0132,21e77b8a839bc33128bf648c2aa8073e8cac635810cd574e6ca667e70e29ca1f,"Becca, you've swept the floor three times, sit down. I can't, I'm too nervous. The new manager won't be here for another hour. Well, he might be early, I want everything to look perfect. Everything does look perfect, but we don't have any customers.",What should the woman say?,You're right. We need some.,"""Let's do some vacuuming!""",25,25,50,33.333333333333336,37.5
gemini_3_flash_preview,Gemini 3 Flash Preview,video_0134,b1223efca20c979e96d550730979a4b22ff835abc2b7b1f9123d51e9eb9c137c,"I don't want him managing my store. It's not your store anymore, Becca. But what about my customers? What if he treats them badly?Maybe Tyler was just having a bad day. Maybe. Don't be sad, worrying won't help.",What should the woman in black say?,You're right. My customers will be okay.,Excuse me?,25,25,0,16.666666666666668,12.5
gemini_3_flash_preview,Gemini 3 Flash Preview,video_0138,5f312b9c86fc634e5a7ee409719956b6f170ac4a0674644baa14f854217928fc,Perhaps you're the deputy deputy head. Perhaps you're the deputy deputy head. I can see we're going to have to find Mr. Barker at once to resolve this matter.,What should the man say?,"Yes, I was just going to say that.",How very dare you!,0,100,0,33.333333333333336,0.0
gemini_3_flash_preview,Gemini 3 Flash Preview,video_0139,056e1497bf3495ba8a03565c07ada55da7edd9e1e0d3f6789b0f20c911e45a9c,"My yes! A very accomplished piece of work, Emily. It really draws you in, doesn't it? Thanks Miss. But is it finished? Yes miss. Is it? Yes miss. Of course it is. How silly of me. Do you think it could do with maybe justum one more thing?",What should the little girl say?,I think it's done.,"""It's yellow ochre, Miss Lovely.""",25,0,25,16.666666666666668,25.0
gemini_3_flash_preview,Gemini 3 Flash Preview,video_0140,f60664eeb73da15e145d56fd2820db1e0c51c63ec4b0dec0ab727242ddad6142,"Well? What does that mean? Oh, don't be coy with your godmother. Are you two an item yet? Well, he asked me to spend New Year's Eve with him. And I'm going. Good.",What should the old woman say?,So it looks like it's going to be an interesting new year.,"""Roseanne, dear, I was just telling Jackie how much I love this time of year.""",50,0,0,16.666666666666668,25.0
gemini_3_flash_preview,Gemini 3 Flash Preview,video_0145,e363b4842e32044f3a063bf14dba32226810cd14a58baa0493bdfa247e4004a6,"Vincent,your father and I have talked. You and",What should the child say?,I will.,Can I go play at my friend's house?,25,0,0,8.333333333333334,12.5
gemini_3_flash_preview,Gemini 3 Flash Preview,video_0151,2baf7ada994ed354386fab41ba4e8c6243644bc0dc99ed277a9a7f42b63fb4dc,"Hello, Harry. It's nice to meet you. Nice to meet you, Susan. Sorry I'm late. The traffic. The parking. I was lost.",What should the woman say?,Don't worry about being late. It's fine.,"""Oh, thank you! They're beautiful.""",0,0,0,0.0,0.0
gemini_3_flash_preview,Gemini 3 Flash Preview,video_0155,27bbc694d23cfd68eec6f0328c5c19d1384a27670f9b36e3fe9daf701b739e99,"Two years ago,my wife died. You miss her. I do... yes, but l have Michelle... and with time... Is there anyone else in your life? No, not yet.What about you?  Oh, I date occasionally, but my work keeps me busy. Harry. Yes? I'd like to meet your daughter someday. Does that mean that I can see you again?",What should the man say?,Of course.,"George, Susan.",0,0,0,0.0,0.0
gemini_3_flash_preview,Gemini 3 Flash Preview,video_0158,99995ed08892edab932d6050f6f08285fb5419640bd88dcbd47295cd06373f75,"I am exhausted. My new exercise class is so hard. Your new exercise class? Yeah. My new advanced exercise class. Why advanced? My instructor thought that the beginner's class was too easy for me. In the beginner's class, they give you a chance to rest between exercises. So?",What should the woman say?,The advanced class is nonstop.,"""It goes with my things.""",0,0,0,0.0,0.0
gemini_3_flash_preview,Gemini 3 Flash Preview,video_0165,1cd6014828a761a7eaefa0b15b985ae963e913064b9f5aaac763f1d456dbfaad,"Oh, what are you doing tomorrow? Nothing much. Well, maybe your dad and I could take you fishing with us. I'd like that, but... But what? But Dad is always so busy. Well, can you come fishing with me tomorrow?",What should the man in green say?,"Sure, I can.",Vegetarians?,0,0,0,0.0,0.0
gemini_3_flash_preview,Gemini 3 Flash Preview,video_0166,34fbbf96e8de9414f3091c777579e567c328ba172bd51c559ad148b00f4f0515,"Robbie says you can't take him to the game today. I really feel bad about it, but they need me at the hospital today, in the children's ward. l understand. Maybe we can spend some time together next weekend.",What should the elderly person say?,Definitely. We should.,"""About that horse...""",0,0,0,0.0,0.0
gemini_3_flash_preview,Gemini 3 Flash Preview,video_0176,89322ebf5d2214c6c32962653218359b8af3bca9caed8f36cae1999212d92e5d,"Well, grandpa wanted me to study engineering like him. Well, I wasn't clear about my future, but I knew engineering was not for me. What did you tell grandpa? The truth. Then you're not upset about my not wanting to go into medicine. I'm not upset at all, I'm just happy that we're able to talk about it.",What should the man in blue say?,"I am too, dad.","""I just don't know what to do.""",50,50,50,50.0,50.0
gemini_3_flash_preview,Gemini 3 Flash Preview,video_0180,bdb059f68be72e77a10f60eb9791b47f0941f45b3733dda35c4ddb3652823370,"When did you buy a house? After Richard was born. I was teaching music, and Philip was opening his first medical office. Where was the house? Right here in Riverdale. Of course, it was a small house, but just right for us. It's funny, history repeats itself. Now Richard and I are having a baby, and we probably won't be able to afford a house right away, either. Why don't you look at some houses, Marilyn?",What should the woman in black say?,Good idea.,"""Well, Carol, you know...""",0,100,25,41.666666666666664,12.5
gemini_3_flash_preview,Gemini 3 Flash Preview,video_0183,f2b1c93c02f23258a6b5c0459296ec543d97fc3c9a0d2a9051c31b8e7510ffad,"Oh, my! Here's a real buy. It's a bargain. This house just came on the market. It's quite lovely. Is it a two bedroom house? No, it has three bedrooms and three baths. I know the house. It has a brand new kitchen, and a living room with a 12 foot ceiling and there's a two car garage. The why don' we go look at this house, too?",What should the woman in pink say?,It's a good investment.,"""I bet you like to read a lot, too.""",0,0,0,0.0,0.0
gemini_3_flash_preview,Gemini 3 Flash Preview,video_0184,90008d0bdb7e353a5f1ba5e46d9b1053a926334b7b5a90765866e77f1e5dd0ea,"Thank you, Mrs. Martinelli. Thanks so much. My pleasure. Give my best to your parents. Your father's a wonderful doctor, Richard. He took care of my daughter when she was a child. He's the best pediatrician in Westchester.",What should the man say?,"Thanks Mrs. Martinelli, I'll give them your regards.","""That's her.""",0,0,0,0.0,0.0
gemini_3_flash_preview,Gemini 3 Flash Preview,video_0185,d799987a670713475089ff3a2631beec430786d26869c9b70e3be81c69ca066e,It all sounded so easy until they mentioned needing collateral or a guarantor. We have no collateral. And I don't think it's a good idea to ask dad to sign as a guarantor. I don't feel right about it.,What should the woman say?,"I understand your feelings about it, Richard.","""What's wrong?""",25,0,0,8.333333333333334,12.5
gemini_3_flash_preview,Gemini 3 Flash Preview,video_0186,c31b840acfe7ae3bd3b86236b003a6c14ba5aefa70725f5bc45eab7b83e81cc8,"What about the house in Mount Kisco? Somebody else will buy it by then. Well, then there'll be other house, Marilyn. Oh Richard has a point. You're just beginning to look. We're no great rush. It's true. This has been a great learning experience for us, Marilyn. Talking to the real estate agent. Looking at the houses. Talking to the loan officer at the bank.",What should the woman in white say?,"It has been a learning experience, that's true.",Really?,25,50,75,50.0,50.0
gemini_3_flash_preview,Gemini 3 Flash Preview,video_0200,26c962b83c2831f02c8d2c95fee4edb829cf8176c7fdd6c1af0a61fc74a9b332,"The mailman just drops a mail in our box, Grandpa. Oh probably a lot of advertising and bills. You were right, grandpa. Advertising, bills, bills, advertising.",What should the elderly man say?,"Yes, just like I said, Robbie. Nothing interesting.","""Thanks, just set it right there.""",25,100,25,50.0,25.0
gemini_3_pro_preview,Gemini 3 Pro Preview,video_0001,e798f49b68300b51ab281e31d34378e02101d9eec26bb8bda317fdf97fc5b4a1,"As you know Whitney has been a one woman wrecking ball, strong arming every college student who dares cross her path in adjoining Tinder.Judging by these numbers guys, they're telling their friends, Okay",What should the man with his hand on the woman's shoulder say?,so I'd like to officially announce that Whitney is the newest and certainly the most feminine cofounder of Tider.,Look at that.,25,25,25,25.0,25.0
gemini_3_pro_preview,Gemini 3 Pro Preview,video_0002,a40216163f476ce18ffa23e340d4c35169d515ec43e9a033049d87a5f2efc734,"When we filed the suit.You know, you said we had a strong case and we do you demonstrated a pattern of abuse that is systemic and company wide right and the picture of these text messages paint well, Justin Mat would exactly cut a sympathetic figure for a jury I mean he was suspended which is why we were able to get this settlement figure so high Now",What should the woman sitting in the middle say?,"the money is nothing.It's not nothing to me, it's a crazy amount to me, but for them it is a slap on the wrist",Excuse me?,25,75,0,33.333333333333336,12.5
gemini_3_pro_preview,Gemini 3 Pro Preview,video_0003,119ac5d4b3822ac260ea8af03104280bc7fb8127969839acb1507b1b1e7e748a,"All right, all right, your sandwich for the cheese toasie, the bag of scratchings and a chocolate bar. Come on, I'm robbing myself. I don't want to swap it.  All right, all right, here's what I'll do. The toastie, the scratchings, a choccy bar and...a roast dinner with all the trimmings. How long has that been in there? Come on, I'll throw in the briefeases well. Fine, just take it. Lovely.",What should the woman in green say?,Pleasure doing business with you.,Look what I got.,75,100,50,75.0,62.5
gemini_3_pro_preview,Gemini 3 Pro Preview,video_0012,d4f2d84ee797a6503b872ea134907629ffd05a757347565af2137d3a51c9cebf,"Good morning! Good morning. Mrs Collins, Ofsted. Here to see Mr Barker for the inspection. Certainly. One moment. Morning, Mr Barker. I've got a lady here to see you. Mrs Collins, Ofsted. Certainly. I'll let her know. Unfortunately, Mr Barker has been detained at the vets. He sends his apologies and asks if you'd mind showing yourself around? Of course.",What should the woman in yellow say?,Here's a map for yourself.,No.,0,0,0,0.0,0.0
gemini_3_pro_preview,Gemini 3 Pro Preview,video_0016,b0c3828b17772c105f565b89ffd1b8281f7b3193f6a878fb1c0cad6ff3f00af4,"Okay, let's take a look. Good, very good. Family album U.S.A, is an excellent title. If you had to describe the book in one sentence, how would you do it? Well, I describe it as a book, which is a portrait of the United States, the places, the people, mostly the people. The things they do, the ways they live, the places they visit and the landmarks, a photographic journey.",What should the man with gray hair say?,These are wonderful.,So?,0,0,25,8.333333333333334,12.5
gemini_3_pro_preview,Gemini 3 Pro Preview,video_0026,3a89d830fc7c2e72906f4a9ee6b3042a55c5eef4bb43d9fa879bd8d5e959d431,"Hello, Mr. Maxwell. How are you? I just called to tell you that you are very impressive, you lost the election, but you won the attention of the residents of Riverdal,e of Boswell, and of me.",What should the woman say?,"Thank you, Mr. Maxwell, I appreciate your kind words.","Well, what did he say?",0,0,25,8.333333333333334,12.5
gemini_3_pro_preview,Gemini 3 Pro Preview,video_0030,117339c54831c6fb088e0b71a5113ff175ee2dd8b495670796b7001f7a5c3e49,"Where's mom? She went to a school board meeting. I don't know how she does it, she sure keeps busy. It's important to her. There are lots of places to go, lots of things to do. She can't sit around and do nothing, Philip works late.",What should the young man in grey say?,I guess you're right.,I'll do it.,25,0,25,16.666666666666668,25.0
gemini_3_pro_preview,Gemini 3 Pro Preview,video_0032,6cc929a3078de4d776e532ec632d9144dbb2e41dfeb9dd8c77d460ae9281c78b,"It's not good to eat before going to bed. A cookie can't hurt, though. Well, I'm heading off for bed, and a good night's sleep.",What should the man in grey say?,Well good night.,"So, are you gonna ask her out?",0,0,0,0.0,0.0
gemini_3_pro_preview,Gemini 3 Pro Preview,video_0034,f2d4c6402b2def31009f248745ab99d4ff2e11192adee5aaf79ed979b6b9da45,"Hello there,Robbie. What are you doing up this late? Reading. Reading? At this hour? Come on, Robbie, what are you doing up this late? Things on my mind. Do you care to talk about them?",What should the man say?,"Sure, if you don't mind listening.",What's the matter?,75,0,75,50.0,75.0
gemini_3_pro_preview,Gemini 3 Pro Preview,video_0037,58df650e62f7f42a3e24f4a547a7e0a8263e7df811a1ea170ddbfc422fd555af,You're right. We'll do it. I'm going to talk to daddy about it right now. But dad was so exhausted when he came home from work. Why don't you talk to him about it tomorrow?,What should the woman say?,You are a very smart young. I think I'll wait until tomorrow.,"Well, I just...",25,50,25,33.333333333333336,25.0
gemini_3_pro_preview,Gemini 3 Pro Preview,video_0048,6bcbc679a78b0ed05f46eebef2bb961b43b189686dc44096ad6036ceaee30a43,"Oh hello there. Are you ready for lunch with your grandpa? Oh hi, grandpa, it's, of course I am, but my mind isn't.",What should the man say?,"What's the matter, Susan?",Hello.,25,0,25,16.666666666666668,25.0
gemini_3_pro_preview,Gemini 3 Pro Preview,video_0050,a19be7b07f1c19388c5927432d444a43a2f7bbda2e2b9dcf5eca389c3f4107d4,"I think that you're very successful and that you have a fantastic reputation in the toy industry, I think you could talk to Mr. Marra.And I think he could help you find a real good job in Los Angeles. He was very helpful to me. Remember?",What should the woman say?,I suppose I could call him.,"Well, you're the only one who can help.",25,0,25,16.666666666666668,25.0
gemini_3_pro_preview,Gemini 3 Pro Preview,video_0051,bab0691984fb31e6b0122f17864f37a8a58969670f4f3c3fb019449d01aef813,And what about Michelle? What do you think? I think Michelle is better off staying where she is. What does she think? I don't know for sure.,What should the man say?,"Well, you should have to ask her.",I don't know.,50,50,25,41.666666666666664,37.5
gemini_3_pro_preview,Gemini 3 Pro Preview,video_0055,9f6147028db234a515acdee9ff44d6380ba741f281ab736ca1c066d103db4782,And how do you feel about taking the job in Los Angeles? How should I feel. It's the biggest company in the country. Well then you feel good about taking it?,What should the man say?,"Well, I feel fine about it, why should I?",I'm sorry.,0,0,0,0.0,0.0
gemini_3_pro_preview,Gemini 3 Pro Preview,video_0056,ea86f9b40c930b4dcadd8a5afbdc110ba934dd1849e68f642712f91f5c2eaf2f,"Come and sit down for a minute, Michelle. I'd like to talk to you about something, something important. What's wrong, Susan? Oh there's nothing wrong, Michelle, but your daddy and I are talking about something that I'd like your opinion about. I know. I heard you talking about it the other night when I was trying on my new clothes. It's about moving to Los Angeles.",What should the woman in blue say?,"You're right, How do you feel about it?","I'm sorry, did I say that?",25,0,0,8.333333333333334,12.5
gemini_3_pro_preview,Gemini 3 Pro Preview,video_0064,2ca6615af5dc6fae8ddacbfb0c435dbe27f890c1351004b2eb72e52eb2b73a9d,"Have you discussed going back to work with your boss? Rita Mae called yesterday. Ah, that's what's got you thinking, isn't it? She wants to know when I think I'll be returning to the boutique.",What should the man say?,And you said?,I don't know.,50,50,50,50.0,50.0
gemini_3_pro_preview,Gemini 3 Pro Preview,video_0090,c405d4638757df176cd3a7ac0351d5b9d092cf29c8e61bac3f1d42a226288289,"Oh, and Robbie. Yes? You probably want a family car so you can drive her home after the party. Could I? If you drive carefully.",What should the man in grey say?,"I will, thanks dad.",Are you sure?,50,100,25,58.333333333333336,37.5
gemini_3_pro_preview,Gemini 3 Pro Preview,video_0091,f4752381bbd5bdc8297b6aa7464e4baa4073abd34781d769f364578071dc30db,"When is your plane reservation for you flight to Athens? Sunday, why? Would you be able to come over Saturday night? Yes, I should be finished packing by then. My folks are giving me a little graduation party. Terrific! I'll pick you up. That isn't necessary. My dad's letting me borrow the car. Oh well, that would be very nice. About eight o'clock? Eight o'clock is fine.",What should the man say?,"Great, it's a date.",What are you talking about?,0,0,0,0.0,0.0
gemini_3_pro_preview,Gemini 3 Pro Preview,video_0093,28fdd1d7ab4ffbab80f1616e4cb1f1baae9bd4ddc169d078293a5a931c740742,"She's really a good friend, isn't she? Yeah. You are going to miss her. Am I going to miss her?",What should the woman say?,"That's what I said, you are going to miss her.","Oh, what a shame.",25,25,25,25.0,25.0
gemini_3_pro_preview,Gemini 3 Pro Preview,video_0098,7552aff361022e81cf7f6f2fa4c5fe83ead85525c05644bcfc8888e3182a1a59,"I can't believe this is really happening! You've earned it. Years of work went into these pictures. I know, but it's still a dream come true. Well, remember we're not sure what the critics are going to write about your show yet. And you never know what the man from the New York Times is going to say about it. Are you worried?",What should the man with silver hair say?,I always worry.,He is.,50,0,25,25.0,37.5
gemini_3_pro_preview,Gemini 3 Pro Preview,video_0099,26205de8ea1d61f59f1f834ab6e4ff704a8c865cfd405dddea0f3f99eb28d05f,The reviews of this show are important for the sales of your book. When did we see the reviews soon? One of the critics is coming up this morning for a preview. I hope he's in a good mood.,What should the man with black hair say?,So do I.,What do you mean?,50,0,0,16.666666666666668,25.0
gemini_3_pro_preview,Gemini 3 Pro Preview,video_0101,a5758930e78b7f73ed6258882674e08df2173c3c6ca3d0cc7a953056273fdc1e,"How about guests? How many people will you be bringing? Well, my family, I guess. My wife, Marilyn, my father and mother, my brother Robbie, my sister and her husband and their daughter. And my grandfather. Is that too many? No such thing as too many at an opening. I hope they like it. Your family or the public? Everybody, but especially my family, and they've stood by me through all this.",What should the man in the black suit say?,I'm sure they'll like it.,"Yes, it is.",0,25,25,16.666666666666668,12.5
gemini_3_pro_preview,Gemini 3 Pro Preview,video_0111,bd26c8d312ce9c9b82e6798578e149159ebf6f87b4c7e69e43874d95b3aa78da,"A cigarette? No, thanks. A lollipop. A lollipop? How old are you? Excuse me? I'm sorry. It's okay, I'm 25 years old. You're 25?",What should the man say?,Yes.,"Well, I'm a little short. Can you spot me a twenty?",0,0,0,0.0,0.0
gemini_3_pro_preview,Gemini 3 Pro Preview,video_0113,b685e0ce823fc8951e30901bc8316c8ad0774f8b29357fbd2a02b0954e8200d4,Who is it? It's Jake. Jake. Jake Seltzer from the station. Jake. These are for you. Oh flowers.,What should the woman say?,"They're beautiful Jake, thank you very much.",Thank you.,50,75,100,75.0,75.0
gemini_3_pro_preview,Gemini 3 Pro Preview,video_0117,1eb7b326a94d14f27a83cf33e280a31d3e9af823a56293c208d0c21ce2bc1573,"Would you like to open your present? I'd love to. I have a present for you, too... under the Christmas tree. Well, you open your gifts first. All right. Merry Christmas and a Happy New Year. Your friend, Alex. He made the statue at school. 'Mighty Casey at the Bat'. What a riot! I'll keep it forever. It's so cute. All right,",What should the woman say?,Now you open your present.,Oh my god.,25,25,25,25.0,25.0
gemini_3_pro_preview,Gemini 3 Pro Preview,video_0121,57eec8795e84c74b57b2c0e72931e7b5930d1807ca972385e29b357536159424,"Is there a restaurant in this town? There are three restaurants in this town. Where are they? One restaurant is on the corner of Main Street and Park Lane. What kind of restaurant is it? It's a Chinese restaurant. There's also a restaurant on Park Lane behind the bank. Is it a Chinese restaurant, too? No it isn't.",What should the man say?,And what kind of restaurant is it?,How many of those do we have?,25,0,25,16.666666666666668,25.0
gemini_3_pro_preview,Gemini 3 Pro Preview,video_0132,47f1f8601c3ca1ddf460a4f1dfa9aff20b315c717846a26f95f0398b79250a96,"Becca, you've swept the floor three times, sit down. I can't, I'm too nervous. The new manager won't be here for another hour. Well, he might be early, I want everything to look perfect. Everything does look perfect, but we don't have any customers.",What should the woman say?,You're right. We need some.,Yeah.,25,50,25,33.333333333333336,25.0
gemini_3_pro_preview,Gemini 3 Pro Preview,video_0138,230a377793e20ed906a43bab3bfd0d543fe8fcb0438c532d09fbccf0a498eabe,Perhaps you're the deputy deputy head. Perhaps you're the deputy deputy head. I can see we're going to have to find Mr. Barker at once to resolve this matter.,What should the man say?,"Yes, I was just going to say that.","Yeah, I know.",50,75,25,50.0,37.5
gemini_3_pro_preview,Gemini 3 Pro Preview,video_0140,3ae0bac72a1f88acda98e47f74d0e4f4e55d433ec3c6f67162c5b6562456ecd5,"Well? What does that mean? Oh, don't be coy with your godmother. Are you two an item yet? Well, he asked me to spend New Year's Eve with him. And I'm going. Good.",What should the old woman say?,So it looks like it's going to be an interesting new year.,"I'm telling you, I'm not crazy.",0,0,0,0.0,0.0
gemini_3_pro_preview,Gemini 3 Pro Preview,video_0145,ab45c2063b129a3784fbb00cca76b383b88c39a66839084c57ac416f6636e134,"Vincent,your father and I have talked. You and",What should the child say?,I will.,"아빠, 엄마가 아빠한테 할 말 있대요.",0,0,25,8.333333333333334,12.5
gemini_3_pro_preview,Gemini 3 Pro Preview,video_0158,b5fe35cea39587e0737484bb65b808bf0e1771b6fc5136fc952ec2b687743eb4,"I am exhausted. My new exercise class is so hard. Your new exercise class? Yeah. My new advanced exercise class. Why advanced? My instructor thought that the beginner's class was too easy for me. In the beginner's class, they give you a chance to rest between exercises. So?",What should the woman say?,The advanced class is nonstop.,What is it?,25,0,25,16.666666666666668,25.0
gemini_3_pro_preview,Gemini 3 Pro Preview,video_0160,4c41c482939457b3de44bda209dca095836a602a464971906778bf61e6526b95,You are not going to be able to move after this and the aerobics class. Are you kidding me? It's going to be a piece of cake. You want to bet?,What should the woman say?,Yeah. What's the bet?,You're unbelievable.,50,75,50,58.333333333333336,50.0
gemini_3_pro_preview,Gemini 3 Pro Preview,video_0166,a07f80454ef97f0ff50408755981cd4c807c0b9697331aa638aa9771574ae6ac,"Robbie says you can't take him to the game today. I really feel bad about it, but they need me at the hospital today, in the children's ward. l understand. Maybe we can spend some time together next weekend.",What should the elderly person say?,Definitely. We should.,What are you eating?,25,0,0,8.333333333333334,12.5
gemini_3_pro_preview,Gemini 3 Pro Preview,video_0174,1fbb28019db39d42c47eac4239f22cdcb959d52d5e1cc520f23afeb9f5c60a2a,"I need your special talent for handling special matters. Like what special matters? Well, I have a scheduling problem. Yes? I have three tonsillectomies set for Friday with Dr.Earl. Yes? I need to fit a fourth operation into his schedule. And... I know you can do it. Well, I'll try to arrange the scheduled, Dr.Stewart. But it's not going to be easy.",What should the man say?,I know you'll be able to take care.,What's the matter?,25,0,0,8.333333333333334,12.5
gemini_3_pro_preview,Gemini 3 Pro Preview,video_0176,c1bf210b220b874352630bbb8b82a574b2f64a2d96f6a0a974ac1a68fde5ba33,"Well, grandpa wanted me to study engineering like him. Well, I wasn't clear about my future, but I knew engineering was not for me. What did you tell grandpa? The truth. Then you're not upset about my not wanting to go into medicine. I'm not upset at all, I'm just happy that we're able to talk about it.",What should the man in blue say?,"I am too, dad.",I know.,75,25,75,58.333333333333336,75.0
gemini_3_pro_preview,Gemini 3 Pro Preview,video_0177,88b00c9820bb5345855ce4d9568d1a0482dcbe1132981f9f28a49b8275efac8f,"Now, what else is on the schedule today? Well at one o'clock you have a lunch appointment with Mr. Levine, the client from the toy town stores. Where? At Rossano's. Anything else? At four o'clock you have a meeting with the production staff in the conference room. Make sure everybody is at that meeting.",What should the man say?,Will do.,What do you mean?,0,0,0,0.0,0.0
gemini_3_pro_preview,Gemini 3 Pro Preview,video_0186,35ece07a75cd9413e0f13e6b9167025672441659083fd1e2d712f7b053471722,"What about the house in Mount Kisco? Somebody else will buy it by then. Well, then there'll be other house, Marilyn. Oh Richard has a point. You're just beginning to look. We're no great rush. It's true. This has been a great learning experience for us, Marilyn. Talking to the real estate agent. Looking at the houses. Talking to the loan officer at the bank.",What should the woman in white say?,"It has been a learning experience, that's true.",Yeah.,50,100,100,83.33333333333333,75.0
gemini_3_pro_preview,Gemini 3 Pro Preview,video_0191,5bcfbb8046f607dacf1beb6dda0d399a15d11c1a1e1de84a48d4e0c550a78103,"Susan, I, I really appreciate you doing this for Michelle and her friends. Oh, please, Harry, it's nothing. I'm not just doing it for Michelle. I'm doing it for you.",What should the man say?,Thank you.,I'm sorry.,25,0,0,8.333333333333334,12.5
gemini_3_pro_preview,Gemini 3 Pro Preview,video_0192,510a460a2f266d10e4aa71c89508aed11f64f69e6a03ad72a7afda296481c02b,"That makes me feel good. What, Harry? What makes you feel good well? That you care about Michelle, that you care about me and that you care about us. Well, Harry, that that's because I do. I do care. They'll be here any minute. Susan, I'd like to...continue this conversation later.",What should the woman say?,"Of course, Harry.",What?,25,0,25,16.666666666666668,25.0
gemini_3_pro_preview,Gemini 3 Pro Preview,video_0194,4dd9fab903b9fad6eea1d7bffe2a2dece601d9145248eb4eac61aad10d10064c,"What's this for? Just because. How's the baby? Fast asleep. I'm sorry, I missed him. I had to work late. What are the flowers for, Richard? Five years of happiness, Happy anniversary our anniversary. But our anniversary isn't until Saturday.",What should the man say?,I couldn't wait.,I'm glad.,25,0,25,16.666666666666668,25.0
gemini_3_pro_preview,Gemini 3 Pro Preview,video_0198,8da3b1a09ede4cf5d317ac66d9ccd08fb324d19083775e2552ba12309e167eb5,Thank you for calling us. I remember you and your wife from the first time you stayed with us. We were very young. And very much in love. We have a baby now.,What should the woman in white say?,How wonderful! A boy or a girl?,I'll leave you two alone.,25,0,25,16.666666666666668,25.0
gpt4o,GPT-4o,video_0004,4b6548c683ddea5b3101971a0044983e2dc4260c896a1358c335156548df226d,"Hi, I've got a form to hand in. Name? Mr. Capp. Your name. Emily. No, if you name's not down, you're not coming in. I don't want to come in. I just want to give this to Mr Capp. Oh yeah that old one. I'll go inside I look for this Mr. Capp. Meanwhile you and all your mates sneak in.",What should the little girl say?,"What mates? I don't want to come in, I just want to give him this form.","""Just take the form to Mr. Capp, please.""",75,100,75,83.33333333333333,87.5
gpt4o,GPT-4o,video_0016,4238f08e4d32fc9aa1d33d2e2a4e8cd2b0753f2d815a10bff0b06c21683125bf,"Okay, let's take a look. Good, very good. Family album U.S.A, is an excellent title. If you had to describe the book in one sentence, how would you do it? Well, I describe it as a book, which is a portrait of the United States, the places, the people, mostly the people. The things they do, the ways they live, the places they visit and the landmarks, a photographic journey.",What should the man with gray hair say?,These are wonderful.,"""That's an interesting perspective. Can you elaborate on how the book captures these elements?""",100,25,50,58.333333333333336,37.5
gpt4o,GPT-4o,video_0018,f86be57d8843d05d546dfc5f46c9e2e4007bb47b469523c1c980f6b3c5b8c249,"In the section on culture, you've included performing art centers but you've left out street performance. The mimes, the musicians, the dancers in the parks and on the streets. Richard, if you go out and photograph street performances in the city, you'll have it. That is a great idea. The performing arts centers and the street performances. I'll do it. If you do it, I'll publish your work. Are you serious?",What should the man with gray hair say?,I've never been more serious.,"""Yes, I'm serious. Let's make it happen.""",100,100,100,100.0,100.0
gpt4o,GPT-4o,video_0021,8717bb4113ba4294c7f625879af74002baad9aadfc25f1c1bfbff2220c0ee478,"But if Boswell wins, he'll be an important decision maker on the school board, and he doesn't know anything about our children's education. Who's running against him? Nobody, that's the problem. Well it sounds to me like Carter Boswell is going to win the seat on the board. Oh, not if I can stop him! And how are you going to stop him?",What should the woman say?,I don't know. Maybe I'll run against him.,"""I'm going to run against him.""",100,100,100,100.0,100.0
gpt4o,GPT-4o,video_0031,53e89d7d17dfad41f07a4d1390262a77b6400abe1bd616ad8763c7d3b878731c,"You' been working late almost every night this week, Dad, Aren't you exhausted? I don't have time to be exhausted. You and mom haven't had dinner together with us in almost a full week.",What should the man in the white shirt say?,"Yeah. I feel bad about us not having dinner with the family, but our schedules are so different.","""I'm a bit tired, but there's still work to be done.""",75,25,75,58.333333333333336,50.0
gpt4o,GPT-4o,video_0034,7dd6dd3d4bb74a8c35dcf90ed0b36a5df3ef597dccb49195e31418ac3c461169,"Hello there,Robbie. What are you doing up this late? Reading. Reading? At this hour? Come on, Robbie, what are you doing up this late? Things on my mind. Do you care to talk about them?",What should the man say?,"Sure, if you don't mind listening.","""Just couldn't sleep, I guess. What's on your mind?""",75,25,75,58.333333333333336,50.0
gpt4o,GPT-4o,video_0038,bcea6061ced1d0778168a60f8670dd1c2ae52273bb0c8adcbef918bbbe9b4c7f,"I've been trying to find a way to encourage reading. Good luck. Oh, I think I may have found a way to do it. Yeah, tell me about it. I work with families every day, Ellen, I see how people spend their leisure time-- young and old. Mostly watching television. Well, that would be okay if and I repeat, if People took the time to read. I couldn't agree with you more. The question is, how do we get them to read more? I think you're going to give me the answer to that question, you... you have that look in your eye.",What should the woman say?,"I do have an answer, Philip, or at least I think I do.","""Well, I’ve started a book club where families can read and discuss together.""",100,100,100,100.0,100.0
gpt4o,GPT-4o,video_0039,69763ce3022af6ed5c6e3e7776e513de8dc8a1986d7db7404eeef8b314774a25,"But how do you plan to do that? By arranging with the public schools to schedule one hour a week to start with. During that time, parents are invited to attend and to read along with the children, their children. It can go beyond the schools, Ellem. Really? I guarantee you it would go very well in the hospitals. As my patients, mostly kids would would love to read and be read to. You think so? I know so. Maybe we can experiment with your patients and see how the plan works.",What should the man say?,I love the idea.,"""Let's give it a try and see how the kids respond.""",100,100,100,100.0,100.0
gpt4o,GPT-4o,video_0051,7276628352d39787eabbecae194004d016971cc900ceb8bc950b755fb8f745b7,And what about Michelle? What do you think? I think Michelle is better off staying where she is. What does she think? I don't know for sure.,What should the man say?,"Well, you should have to ask her.","""Michelle? What about her?""",25,0,25,16.666666666666668,12.5
gpt4o,GPT-4o,video_0053,6151b3a2b59a8aa6037d4882cd88c2881816753f31809876f58491b5b072fa8e,"I met with Bill York today. And I talked with Mr. Marchcheta. Did York make the offer? Yep, he asked me if I want the job. That's exciting, Harry, what was it? A vice presidency with the biggest accounting company in the country, craft and craft. Aren't you excited about that.",What should the man say?,Sure I am.,"""Of course I am, but it’s a big decision to make.""",100,100,75,91.66666666666667,87.5
gpt4o,GPT-4o,video_0055,048f9912e68f4501a51fb9940b51f2c2cb82c923b7ddbfec1f1e55f57c578552,And how do you feel about taking the job in Los Angeles? How should I feel. It's the biggest company in the country. Well then you feel good about taking it?,What should the man say?,"Well, I feel fine about it, why should I?","""I'm excited about the opportunity, but I have some concerns to consider.""",100,100,75,91.66666666666667,87.5
gpt4o,GPT-4o,video_0063,a874da0e1586efc07055b1e50f36285ca6bd77d5855d394b45d49048a910c52c,"I've been thinking a lot about our responsibilities in the past few weeks I never stopped thinking about them. I've been with the question of whether I go back to work or not I see and I'm torn I really want to go back to work, use my talents and pursue my career in fashion design like we always thought I would, but now,I want to be with Max as a full time mother, especially when he's a baby.",What should the man say?,"I really understand, Marilin.","""Follow your heart, and I'll support whatever decision you make.""",100,100,75,91.66666666666667,87.5
gpt4o,GPT-4o,video_0064,525cd967de9ff2783e808b0d02c0327076c6559fa9bb66641e93112dd3bfe134,"Have you discussed going back to work with your boss? Rita Mae called yesterday. Ah, that's what's got you thinking, isn't it? She wants to know when I think I'll be returning to the boutique.",What should the man say?,And you said?,"""I haven't yet, but I plan to soon.""",100,0,75,58.333333333333336,37.5
gpt4o,GPT-4o,video_0066,414440fc210cd725e0d542443a18c38ad4f5a640e9e4354c9da2a8c8f44c419e,"There are so many things to consider one thing that makes it easier for you is is that you have us Max will always have a family member to watch over him while you're at work.I didn't have that when Richard and Susan were born, What did you do, I chose to continue with my career as a music teacher who hired a woman to watch Richard and then Susan. And I continued with my career. Do you think you made the right decision?",What should the woman in pink say?,I think I did.,"""I think I did, but it wasn’t always easy.""",100,100,75,91.66666666666667,87.5
gpt4o,GPT-4o,video_0077,3836acee0a7256644e6894baaa6877eb22049af474706dd36cb6725cd0dbb3ef,"Is something the matter, grandpa? The editorial in this paper that has my friend Nat Baker real upset, he's coming over to talk about",What should the elderly person in red say?,It is.,"""Just thinking about the old days, kiddo.""",75,25,75,58.333333333333336,50.0
gpt4o,GPT-4o,video_0086,1e0e1d0079da776a5611122f953780dfa3d495dddf995d161e2a2fdc0b5677a7,"Well, now that you're here you can help me with dinner. I need those potatoes peeled and sliced. Mom, give me a break. Alexandra's coming over to help me study for my math final. Well, in that case, you can wash the dishes and clean up after dinner. Can I invite Alexandra to stay for dinner? Of course. Thanks, mom. You and Alexandra have become good friends, haven't you?",What should the man say?,"Yes I like her, she's a terrific person.","""Yeah, he's a great guy, Mom.""",0,0,0,0.0,0.0
gpt4o,GPT-4o,video_0091,9f8f4b18187cf66a15562bf38a351a447ebac9aa7f315ecefbd7610d1398205c,"When is your plane reservation for you flight to Athens? Sunday, why? Would you be able to come over Saturday night? Yes, I should be finished packing by then. My folks are giving me a little graduation party. Terrific! I'll pick you up. That isn't necessary. My dad's letting me borrow the car. Oh well, that would be very nice. About eight o'clock? Eight o'clock is fine.",What should the man say?,"Great, it's a date.","""Eight o'clock sounds perfect. See you then!""",100,25,100,75.0,62.5
gpt4o,GPT-4o,video_0098,1512266bef8b9b56dfe09437a71437d19a2180017bfd6c39f8657f2cbcd5e1b4,"I can't believe this is really happening! You've earned it. Years of work went into these pictures. I know, but it's still a dream come true. Well, remember we're not sure what the critics are going to write about your show yet. And you never know what the man from the New York Times is going to say about it. Are you worried?",What should the man with silver hair say?,I always worry.,"""He should say it's a masterpiece.""",75,0,0,25.0,0.0
gpt4o,GPT-4o,video_0101,123900be0de21bbabf42e37225dd997868d47f31037bbd661bb5d2a740a1b04f,"How about guests? How many people will you be bringing? Well, my family, I guess. My wife, Marilyn, my father and mother, my brother Robbie, my sister and her husband and their daughter. And my grandfather. Is that too many? No such thing as too many at an opening. I hope they like it. Your family or the public? Everybody, but especially my family, and they've stood by me through all this.",What should the man in the black suit say?,I'm sure they'll like it.,"""Your family will love it, and so will everyone else. You’ve done an amazing job!""",100,100,100,100.0,100.0
gpt4o,GPT-4o,video_0105,d41131c66122a6533cc6fc38edb63081143ca48600e751a95290faeb0d1671a9,You're going to be a great success. Are you ready? As soon as I get these cuff links on. Let me help. Mom and dad are already on their way down to the gallery. There. You look very attractive.,What should the man say?,Thank you.,"""Thank you. I couldn’t have done this without you.""",100,100,75,91.66666666666667,87.5
gpt4o,GPT-4o,video_0111,66bb91ea32859d7acdbf557cb87f97a04347c3da7e08269e7685549fa834f462,"A cigarette? No, thanks. A lollipop. A lollipop? How old are you? Excuse me? I'm sorry. It's okay, I'm 25 years old. You're 25?",What should the man say?,Yes.,"""Yes, he is.""",0,0,25,8.333333333333334,12.5
gpt4o,GPT-4o,video_0117,874b52863749b033c27f5b10fbbf064c7a5b72f4f500c98ac5a3b73376db132c,"Would you like to open your present? I'd love to. I have a present for you, too... under the Christmas tree. Well, you open your gifts first. All right. Merry Christmas and a Happy New Year. Your friend, Alex. He made the statue at school. 'Mighty Casey at the Bat'. What a riot! I'll keep it forever. It's so cute. All right,",What should the woman say?,Now you open your present.,"""Thank you, this is beautiful! I'll treasure it forever.""",75,0,75,50.0,37.5
gpt4o,GPT-4o,video_0139,5c26dbf2ddcef0d6383aebb789168d6dcfbf5bf94ebdbc65f8c9be8d486c7042,"My yes! A very accomplished piece of work, Emily. It really draws you in, doesn't it? Thanks Miss. But is it finished? Yes miss. Is it? Yes miss. Of course it is. How silly of me. Do you think it could do with maybe justum one more thing?",What should the little girl say?,I think it's done.,"""Maybe, Miss, but I think it’s perfect as it is.""",100,100,75,91.66666666666667,87.5
gpt4o,GPT-4o,video_0140,073ab841db709ced22bd1226e000238e86fc893974425f9f688345e76ccfbc0a,"Well? What does that mean? Oh, don't be coy with your godmother. Are you two an item yet? Well, he asked me to spend New Year's Eve with him. And I'm going. Good.",What should the old woman say?,So it looks like it's going to be an interesting new year.,"""That sounds wonderful, dear! You must be so excited!""",100,100,75,91.66666666666667,87.5
gpt4o,GPT-4o,video_0147,48bbd8bf9d3a5f153cc274c059b32e80a4fe47e9c4dddecf9d82016bc76ba638,"Tell me about your book. Oh, it's not finished yet, but I have some of the pictures. Would you like to see them?",What should the woman say?,Yes. I'd like that.,"""It's a story about personal growth and overcoming challenges—I'd love to share more if you're interested!""",50,0,75,41.666666666666664,37.5
gpt4o,GPT-4o,video_0158,16cb338975df4db3ef902a55dd9d2c50fb14004c7156e6f1b5b08fe351313ffa,"I am exhausted. My new exercise class is so hard. Your new exercise class? Yeah. My new advanced exercise class. Why advanced? My instructor thought that the beginner's class was too easy for me. In the beginner's class, they give you a chance to rest between exercises. So?",What should the woman say?,The advanced class is nonstop.,"""Do you think you'll get used to it soon?""",75,0,50,41.666666666666664,25.0
gpt4o,GPT-4o,video_0160,1245f9c49ec8e4f4be43468c9a5acf3d59dc3541228d7e30a495e68b6e50891d,You are not going to be able to move after this and the aerobics class. Are you kidding me? It's going to be a piece of cake. You want to bet?,What should the woman say?,Yeah. What's the bet?,"""You're on! Let's see who gives up first!""",100,100,100,100.0,100.0
gpt4o,GPT-4o,video_0161,165f3e7651bb3aca4b191914f37f2067b9245081a61f103f03d392fcf5abcfda,"What do you do for a living, Mr.Stewart? I'm a photographer. Interesting. What do you photograph? Everything. The American scene. People, places, events. Did you ever think of photographing an aerobics class? No... I can't remember taking pictures of people exercising. But don't you think it'd be a good subject? Sure. I need some good photos for my advertising, Mr.Stewart. Maybe you can photogragh a class, and I can give you and Mrs.Stewart a month of classes ree. When can I photograph a class? Anytime. How about today?",What should the man in green say?,Terrific!,"""How about tomorrow morning?""",75,100,75,83.33333333333333,87.5
gpt4o,GPT-4o,video_0165,3df1be97386994226c5b9fc6c4943cc184bc21709f06f8b7be9115d679d0bb4f,"Oh, what are you doing tomorrow? Nothing much. Well, maybe your dad and I could take you fishing with us. I'd like that, but... But what? But Dad is always so busy. Well, can you come fishing with me tomorrow?",What should the man in green say?,"Sure, I can.","""Of course, I’ll make time for it.""",100,100,100,100.0,100.0
gpt4o,GPT-4o,video_0172,69792ac9b8f7ead3b4a6cc8259a0b6582d4649b93b625b563237499b6984b354,"Let's take Gemma by there now. They'll find the owner. I hope so. I'm so sad to see this little dog without her family. I'm sure they'll find the owner. But if they don't, I'll adopt her. She's so cute. Look at those eyes. She's hard to resist, don't you just love her?",What should the woman say?,"I like to keep her, too.","""Yes, she's adorable. I hope she finds her family soon.""",100,100,75,91.66666666666667,87.5
gpt4o,GPT-4o,video_0176,0ee53d177bea2eaed49b4329d051b0641d09f46bdf796311a3c448c03f802185,"Well, grandpa wanted me to study engineering like him. Well, I wasn't clear about my future, but I knew engineering was not for me. What did you tell grandpa? The truth. Then you're not upset about my not wanting to go into medicine. I'm not upset at all, I'm just happy that we're able to talk about it.",What should the man in blue say?,"I am too, dad.","""Thank you for understanding, it means a lot to me.""",100,100,100,100.0,100.0
gpt4o,GPT-4o,video_0180,5be28da2d367a5d6dd256247a8e8c9a9c8dd140babaa30abee0745aacfca0425,"When did you buy a house? After Richard was born. I was teaching music, and Philip was opening his first medical office. Where was the house? Right here in Riverdale. Of course, it was a small house, but just right for us. It's funny, history repeats itself. Now Richard and I are having a baby, and we probably won't be able to afford a house right away, either. Why don't you look at some houses, Marilyn?",What should the woman in black say?,Good idea.,"""Maybe we should start looking soon.""",100,100,100,100.0,100.0
gpt4o,GPT-4o,video_0183,2db2df521ec1be005058b05ee810cd0c5cb7ede8089fe8d4ebc5e563a24a6bac,"Oh, my! Here's a real buy. It's a bargain. This house just came on the market. It's quite lovely. Is it a two bedroom house? No, it has three bedrooms and three baths. I know the house. It has a brand new kitchen, and a living room with a 12 foot ceiling and there's a two car garage. The why don' we go look at this house, too?",What should the woman in pink say?,It's a good investment.,"""That sounds wonderful, let's schedule a visit!""",100,100,100,100.0,100.0
gpt4o,GPT-4o,video_0187,c077703f4d82c697c85cd3c483542f44edd824912f275ee42329a6e7a4375834,Children usually resemble their parents. It's true. Michelle is a lot like Harry in so many ways. And she shy with new people just like he is. You really like Michelle don't you.,What should the woman in blue say?,"Yes, I'm very fond of her.","""Yes, I do. She's a wonderful person.""",100,100,100,100.0,100.0
gpt4o,GPT-4o,video_0190,e410d582775fa9385ba3b88b3409a844aeb15ae288896cd608cf9a099f5f7998,"You ought to think about spending more time with Michelle at all the great places in this city. Well, perhaps you'll help me select some of the great places. And perhaps you'll join us?",What should the woman say?,"Perhaps, I will.","""That sounds like a wonderful idea. I'd love to join you both!""",100,100,100,100.0,100.0
gpt4o,GPT-4o,video_0192,067b438f4bb7b71b0e7743c1617d5d9b1c21d3535b1f2858a86c4df409fc2ecd,"That makes me feel good. What, Harry? What makes you feel good well? That you care about Michelle, that you care about me and that you care about us. Well, Harry, that that's because I do. I do care. They'll be here any minute. Susan, I'd like to...continue this conversation later.",What should the woman say?,"Of course, Harry.","""Of course, Harry. We'll talk later.""",100,100,100,100.0,100.0
gpt4o,GPT-4o,video_0194,e43adb2400aebd96a4fe21d79306f59b856bb9b54259a6e13ca0b429aa35c71f,"What's this for? Just because. How's the baby? Fast asleep. I'm sorry, I missed him. I had to work late. What are the flowers for, Richard? Five years of happiness, Happy anniversary our anniversary. But our anniversary isn't until Saturday.",What should the man say?,I couldn't wait.,"""Why wait until Saturday to celebrate?""",100,100,75,91.66666666666667,87.5
gpt4o,GPT-4o,video_0195,245e04bf159697206ccf2b8d9a1770f5f4f8d74cae4456d039c060804c1bd998,"If you had your choice of all the places in the world, where would you choose to spend our anniversary? The Watermile Inn. I loved that place when we went on our honeymoon. Perfect! You picked the right place. I don't understand. you and I, Missus Stuwart, are going to spend a second honeymoon at the Watermile Inn.",What should the woman say?,"Oh, Richard, that's wonderful.","""That sounds perfect, I can't wait!""",100,100,100,100.0,100.0
gpt4o,GPT-4o,video_0200,b509f79c8e423f18781fa278f776c1b439a7ce2fe46d4f57836ae81d25a5bf0f,"The mailman just drops a mail in our box, Grandpa. Oh probably a lot of advertising and bills. You were right, grandpa. Advertising, bills, bills, advertising.",What should the elderly man say?,"Yes, just like I said, Robbie. Nothing interesting.","""Thank you for letting me know. I'll go check it out.""",75,25,25,41.666666666666664,25.0
omnivinci,OmniVinci,video_0001,2b8cab24f6661fe18f34912743c10ee5230a54a759813ce876efd256d359202c,"As you know Whitney has been a one woman wrecking ball, strong arming every college student who dares cross her path in adjoining Tinder.Judging by these numbers guys, they're telling their friends, Okay",What should the man with his hand on the woman's shoulder say?,so I'd like to officially announce that Whitney is the newest and certainly the most feminine cofounder of Tider.,"""Congratulations, Whitney! You did it!""",75,100,75,83.33333333333333,83.33333333333333
omnivinci,OmniVinci,video_0003,4c45798a49dd2f3c7fc41bba9108a1e61a33e05de49f108656f8e263265e6007,"All right, all right, your sandwich for the cheese toasie, the bag of scratchings and a chocolate bar. Come on, I'm robbing myself. I don't want to swap it.  All right, all right, here's what I'll do. The toastie, the scratchings, a choccy bar and...a roast dinner with all the trimmings. How long has that been in there? Come on, I'll throw in the briefeases well. Fine, just take it. Lovely.",What should the woman in green say?,Pleasure doing business with you.,"I'm sorry, I don't have any cheese toasties.",0,0,0,0.0,0.0
omnivinci,OmniVinci,video_0012,1af9212c772f64cdd46b06419037d34b609e72c3affc7a356b3ab3c44224ccbb,"Good morning! Good morning. Mrs Collins, Ofsted. Here to see Mr Barker for the inspection. Certainly. One moment. Morning, Mr Barker. I've got a lady here to see you. Mrs Collins, Ofsted. Certainly. I'll let her know. Unfortunately, Mr Barker has been detained at the vets. He sends his apologies and asks if you'd mind showing yourself around? Of course.",What should the woman in yellow say?,Here's a map for yourself.,"She should say, ""Certainly, I'll let her know.""",0,0,0,0.0,0.0
omnivinci,OmniVinci,video_0014,f10ca319e171121c825619546b4d46da121fcb162b8432721cc5b6f0cdaa5ed3,These are gonna be some tough times. You can call me anytime， even if it's the middle of the night. Here's the number at my uncle's farm.,What should the woman say?,Thanks.,I'm sorry.,50,50,25,41.666666666666664,41.666666666666664
omnivinci,OmniVinci,video_0016,199f8d45138c17b1741dea0a00fa507d9b416d5eca02b06b04180f34cec07ac3,"Okay, let's take a look. Good, very good. Family album U.S.A, is an excellent title. If you had to describe the book in one sentence, how would you do it? Well, I describe it as a book, which is a portrait of the United States, the places, the people, mostly the people. The things they do, the ways they live, the places they visit and the landmarks, a photographic journey.",What should the man with gray hair say?,These are wonderful.,Thank you.,50,0,100,50.0,50.0
omnivinci,OmniVinci,video_0018,9fb20e04be14a98ba05f4793b09043c5e0645bc5990bde550788f7e573d3c873,"In the section on culture, you've included performing art centers but you've left out street performance. The mimes, the musicians, the dancers in the parks and on the streets. Richard, if you go out and photograph street performances in the city, you'll have it. That is a great idea. The performing arts centers and the street performances. I'll do it. If you do it, I'll publish your work. Are you serious?",What should the man with gray hair say?,I've never been more serious.,"I'm sorry, I can't do that.",0,0,0,0.0,0.0
omnivinci,OmniVinci,video_0020,1ab1aca6f419e5518341d86c385abf65b1826e1932b726f4f4f48cad653aa0dc,"What a job! Good work, Richard! I'm so glad you like them so much. Like them? They represent your best work. Really?",What should the man with gray hair say?,Absolutely.,"He should say, ""I'm so glad you like them. They represent your best work.""",75,0,0,25.0,25.0
omnivinci,OmniVinci,video_0024,14547e98b1c48644496a5f9e1a42ddb94e04c6f7ff08b99442227157a613df91,"A lot of people would like my help. Do you have a story? I'm planning to run for the school board. Against Carter Boswell? Yes. Well, that is news. Will you announce that I'm running? Sure, but I need some information.",What should the woman say?,Of course.,"The woman should say, ""I'm planning to run for the school board against Carter Boswell.""",50,0,0,16.666666666666668,16.666666666666668
omnivinci,OmniVinci,video_0025,d8e6e084c3113f29917ef617dbcbff7f1e878f1926000cf9aa8379ba620563f6,"You have to go on television, too. Boswell's a powerful speaker. You can be too, your ideas are good ones.",What should the woman say?,I don't know. I'm not sure I'm up to it.,You can be too.,25,0,0,8.333333333333334,8.333333333333334
omnivinci,OmniVinci,video_0028,5e2055a84123c2eb2c78b42a8f4293c82f007ad1972b315fde2c01992c18fa48,"Something blue. My wristband. I, I wore it when I married your father. Oh oh mother, I forgot you're still had it. It's just so lovely. I bought it in an antique shop when I was about 18 years old. I saved it for my wedding day. And you saved it for me, didn't you, Mother?",What should the woman in the blue-patterned dress say?,"Yes, honey, I did.",Something blue.,25,0,25,16.666666666666668,16.666666666666668
omnivinci,OmniVinci,video_0030,47af5e769434b44d3317dd90e7425b5c59dbb660336c2b40a8a8857af0b7273e,"Where's mom? She went to a school board meeting. I don't know how she does it, she sure keeps busy. It's important to her. There are lots of places to go, lots of things to do. She can't sit around and do nothing, Philip works late.",What should the young man in grey say?,I guess you're right.,"He should say, ""I don't know. She said she had a meeting.""",50,0,50,33.333333333333336,33.333333333333336
omnivinci,OmniVinci,video_0031,1c4659016ab5b7c64caf33fb50df864e5370d1488dcf02d1d7fcf046adb5fb01,"You' been working late almost every night this week, Dad, Aren't you exhausted? I don't have time to be exhausted. You and mom haven't had dinner together with us in almost a full week.",What should the man in the white shirt say?,"Yeah. I feel bad about us not having dinner with the family, but our schedules are so different.","He should say, 'I know you're tired, but we need to make an effort to spend time together.'",25,0,50,25.0,25.0
omnivinci,OmniVinci,video_0034,70910d493c74802b6709589f33054dc6e6a3dc24811fa38595c66dec50350f48,"Hello there,Robbie. What are you doing up this late? Reading. Reading? At this hour? Come on, Robbie, what are you doing up this late? Things on my mind. Do you care to talk about them?",What should the man say?,"Sure, if you don't mind listening.","He should say something like, ""I'm reading for pleasure. What's on your mind?""",25,0,50,25.0,25.0
omnivinci,OmniVinci,video_0036,4f5931e91cde1fc6f483330ac02ad8f059ab3ba51e1b09d52282337b55c40f5c,"I think I have an idea. You do? Yep, I think I have an idea that will bring dad and you together in a more scheduled way.",What should the woman say?,What is it?,I don't know.,25,0,0,8.333333333333334,8.333333333333334
omnivinci,OmniVinci,video_0037,58f54c04f7dc0e9ef0b6176bcfbda8cfb9d36d2613982946a94361f5fdc25d26,You're right. We'll do it. I'm going to talk to daddy about it right now. But dad was so exhausted when he came home from work. Why don't you talk to him about it tomorrow?,What should the woman say?,You are a very smart young. I think I'll wait until tomorrow.,"She should say ""But dad was so exhausted when he came home from work.""",50,100,25,58.333333333333336,58.333333333333336
omnivinci,OmniVinci,video_0039,66f78f9ccefa0f84dd7e98ef9cb7083248873ed82861442ede9d13b50e3c1a63,"But how do you plan to do that? By arranging with the public schools to schedule one hour a week to start with. During that time, parents are invited to attend and to read along with the children, their children. It can go beyond the schools, Ellem. Really? I guarantee you it would go very well in the hospitals. As my patients, mostly kids would would love to read and be read to. You think so? I know so. Maybe we can experiment with your patients and see how the plan works.",What should the man say?,I love the idea.,I don't know.,25,0,25,16.666666666666668,16.666666666666668
omnivinci,OmniVinci,video_0047,d701bc0e1c23e8b186e270a8f52f1e78084ed9545247e1cc4e04d7702699f7ba,"Well, are you going to tell me what's on your mind, Harry? I have been offered a job with a major accounting company in Los Angeles. But first, tell me about the job, Harry.If it's a good one, then we'll make it work for us I have a client in the garment business on seventhth Avenue I do his taxes every year.He has a big sales office in Los Angeles, and the company in Los Angeles that does his major accounting work is looking for an executive. And he recommended me.",What should the woman say?,"That's wonderful, Harry. What about the salary?",I have been offered a job with a major accounting company in Los Angeles.,0,0,0,0.0,0.0
omnivinci,OmniVinci,video_0049,0a881cdc0ceb0edf500badc11548ede176f18453da395fffaa4c69cc61ccefe6,"A real dilemma. Does it have anything to do with you and Harry? Yes, but I don't know where to start. Maybe I can help.",What should the woman say?,Tell me.,"Susan, you need to tell me what's going on.",100,50,75,75.0,75.0
omnivinci,OmniVinci,video_0050,2aadc4e06921e1e28f3b1f629ab7ec3f017997595e7658431ccea6159af61fbb,"I think that you're very successful and that you have a fantastic reputation in the toy industry, I think you could talk to Mr. Marra.And I think he could help you find a real good job in Los Angeles. He was very helpful to me. Remember?",What should the woman say?,I suppose I could call him.,Thank you.,25,50,25,33.333333333333336,33.333333333333336
omnivinci,OmniVinci,video_0051,4ce56a762170fd0b62b97936e48357a7008024cfd9d67e09f77c19d62de72f1b,And what about Michelle? What do you think? I think Michelle is better off staying where she is. What does she think? I don't know for sure.,What should the man say?,"Well, you should have to ask her.","Well, what do you think?",50,0,50,33.333333333333336,33.333333333333336
omnivinci,OmniVinci,video_0053,c767a3f7c7951e661c63c74e94ebfb7566b80797463b34c60d265f247088c659,"I met with Bill York today. And I talked with Mr. Marchcheta. Did York make the offer? Yep, he asked me if I want the job. That's exciting, Harry, what was it? A vice presidency with the biggest accounting company in the country, craft and craft. Aren't you excited about that.",What should the man say?,Sure I am.,"He should say ""I'm excited too, Harry.""",100,0,75,58.333333333333336,58.333333333333336
omnivinci,OmniVinci,video_0054,6443126d277b0b458fa9700ab6d5bae0745638cd3856781e566af1bee31fdfcb,"I talked to Mr. Marceta. What did he say? Did you tell him about me? Of course, Harry, I want what's best for you. And I think I can get a good job through Mr. Marcetta in Los Angeles, also. You're kidding.",What should the woman say?,"No, I'm not kidding.",I talked to Mr. Marquette.,25,0,25,16.666666666666668,16.666666666666668
omnivinci,OmniVinci,video_0056,a7c05787641bd195dd381b3fc8409d7d0a9eb4379e6017d6c7b41665ac93d0ca,"Come and sit down for a minute, Michelle. I'd like to talk to you about something, something important. What's wrong, Susan? Oh there's nothing wrong, Michelle, but your daddy and I are talking about something that I'd like your opinion about. I know. I heard you talking about it the other night when I was trying on my new clothes. It's about moving to Los Angeles.",What should the woman in blue say?,"You're right, How do you feel about it?","The woman in blue should say, ""Susan, I have some important news to tell you. We are moving to Los Angeles.""",50,0,0,16.666666666666668,16.666666666666668
omnivinci,OmniVinci,video_0057,fb7ce7e6a2183685d8ab349055575e413f22ad2cb6c839ec4e1eec5fbc446b55,"Well, I really wouldn't want to move, but. But? But if you and daddy wanted to, I guess you know what's best for the family and for me.",What should the woman in blue say?,"That's very considerate of you, Michelle.","I would say, ""I don't know what to do. I'm confused.""",50,0,25,25.0,25.0
omnivinci,OmniVinci,video_0064,62ab6b2e16dfebb3d6908306acde660cfedb50b234ec1889dc368a280dee8e07,"Have you discussed going back to work with your boss? Rita Mae called yesterday. Ah, that's what's got you thinking, isn't it? She wants to know when I think I'll be returning to the boutique.",What should the man say?,And you said?,"He should say ""Yes, I'm happy to be back at work.""",25,0,0,8.333333333333334,8.333333333333334
omnivinci,OmniVinci,video_0066,e25b7fbcbf16c19b4f37a31695bacd2e0f6c11d43e51466d79bc17b73dad8e6a,"There are so many things to consider one thing that makes it easier for you is is that you have us Max will always have a family member to watch over him while you're at work.I didn't have that when Richard and Susan were born, What did you do, I chose to continue with my career as a music teacher who hired a woman to watch Richard and then Susan. And I continued with my career. Do you think you made the right decision?",What should the woman in pink say?,I think I did.,I think I made the right decision.,100,100,100,100.0,100.0
omnivinci,OmniVinci,video_0073,8b80d2c67dc2bcac2b692eafe882bf8a6827aad0d11be86c243cd522e55998c3,"Oh, Marilyn, you sounded like you made a decision when you called me, I'm all ears. I have made a decision, Rita Mae, I've decided to stay at home and be a full time mother.",What should the woman in black say?,"I'm disappointed, but I respect your decision.","I'm sorry, I can't do it.",0,0,25,8.333333333333334,8.333333333333334
omnivinci,OmniVinci,video_0074,f2ccb62c91c3879473af662dd2290761cfb861302e5fe5eec851590c79e9af4b,"Do you remember our talks about custom design dresses for the boutique? I sure do. Why can't I design dresses for you here at home and make them here. Have the fittings here, too. And I could do the selling and the pricing at the boutique.",What should the woman in white say?,Exactly.,You can design dresses for me at home.,100,50,100,83.33333333333333,83.33333333333333
omnivinci,OmniVinci,video_0075,0ec3c0fe205f01db298ac2d3e98e7dc5d1f04ed102e35287d1633a43efa05fde,"Oh, what kind of dresses would you design? I've thought about that for some time. Yes? Wedding dress. Wedding dresses. Brilliant idea. There's a big market today in wedding dress.",What should the woman in white say?,That's what I thought.,"The woman in white should say, ""Yes.""",100,50,100,83.33333333333333,83.33333333333333
omnivinci,OmniVinci,video_0076,5742627b17d68e52d9752ac2cae9988c53b11af86338a0f11d4a6433f1770542,"I like the idea very much and if it's successful, we can expand all kinds of dresses. That's what I thought. As a matter of fact, I have a customer for your first wedding dress, Well my niece is getting married and I've been trying to find just the right thing for her. Marilyn, you're going to design my niece's dress, that'll be our first one and then we'll use it to sell others. Do you really mean it?",What should the woman in black say?,I really mean it.,"She should say ""Thank you.""",25,0,25,16.666666666666668,16.666666666666668
omnivinci,OmniVinci,video_0087,fecfd5c72ca1b86c911f2a3e2ff34d26d97653188d6664b5cd6143ac0d7dbf42,"I'm going to miss her when she goes back to Greece. Would you like to give her a little farewell party? Mom, that would be terrific! Maybe we could make it a surprise. Oh I don't know surprise parties don't always work out well. Well, we could tell her it's a graduation party for me. When Alexander arrives, we'll surprise her.",What should the woman say?,"Well, I suppose that might work.","The woman should say, ""Well, we could tell her it's a graduation party for me when Alexander arrives, and we'll surprise her.""",75,0,0,25.0,25.0
omnivinci,OmniVinci,video_0090,14f74b28a60baed341dc918f227aecdfaf9e919300d79bcd0dfd9ca59350aec5,"Oh, and Robbie. Yes? You probably want a family car so you can drive her home after the party. Could I? If you drive carefully.",What should the man in grey say?,"I will, thanks dad.",Thank you.,75,75,75,75.0,75.0
omnivinci,OmniVinci,video_0092,e5e9173928b9b24f43897cb57f7db32d9eb638f07584e36ad4bed00395b723d3,"Are you excited about graduating from high school? Sure, and a little scared. Scared? Why? Aren't you a little scared? I was when I first came to the United States. I'd never been away from home and I didn't know what it would be like, but then I found out that people are the same everywhere once you get to know them. I'm glad I got to know you.",What should the woman say?,Thank you. I'm glad I got to know you.,I'm glad I got to know you.,100,100,100,100.0,100.0
omnivinci,OmniVinci,video_0097,9b3d84628f702daf2295eb18728d10bc223392d4d42892137993329c6cf87869,"I would just like to thank all of you, my friends, who have made my stay in the United States so wonderful. And to Robbie and the Stewart family for opening their home to me. We should thank you, you're a real friend. And I also have a little surprise for you, Robbie. A little going away present. Thank you. Open it pleas.e I think you might be amused. OK.",What should the man in the blue T-shirt say?,I can't believe it.,Thank you.,50,50,25,41.666666666666664,41.666666666666664
omnivinci,OmniVinci,video_0098,23b31e6bb325eaa9cce1a5bd7c9ecb79a10825306d4d5c39bd777b82d653a2ed,"I can't believe this is really happening! You've earned it. Years of work went into these pictures. I know, but it's still a dream come true. Well, remember we're not sure what the critics are going to write about your show yet. And you never know what the man from the New York Times is going to say about it. Are you worried?",What should the man with silver hair say?,I always worry.,"Well, remember, we're not sure what the critics are going to write about your show yet and you never know what the man from the New York Times is going to say about it.",50,0,0,16.666666666666668,16.666666666666668
omnivinci,OmniVinci,video_0099,b8194312282c69236e254595f993e84a73a5833ed8a5497d0cea820605e38cc7,The reviews of this show are important for the sales of your book. When did we see the reviews soon? One of the critics is coming up this morning for a preview. I hope he's in a good mood.,What should the man with black hair say?,So do I.,"He should say, ""I hope he's in a good mood.""",100,0,100,66.66666666666667,66.66666666666667
omnivinci,OmniVinci,video_0101,135509a1473e6367cd9b0297fb9a98c86a5b7afbc8bdb62bc7a5c720b3869c50,"How about guests? How many people will you be bringing? Well, my family, I guess. My wife, Marilyn, my father and mother, my brother Robbie, my sister and her husband and their daughter. And my grandfather. Is that too many? No such thing as too many at an opening. I hope they like it. Your family or the public? Everybody, but especially my family, and they've stood by me through all this.",What should the man in the black suit say?,I'm sure they'll like it.,Thank you for coming.,25,25,25,25.0,25.0
omnivinci,OmniVinci,video_0105,7ccc31c0933022d10daf7f59fbc1f9009a09ab91a1bea54b63d2b17f70f9c492,You're going to be a great success. Are you ready? As soon as I get these cuff links on. Let me help. Mom and dad are already on their way down to the gallery. There. You look very attractive.,What should the man say?,Thank you.,Thank you.,100,100,100,100.0,100.0
omnivinci,OmniVinci,video_0106,b7557dceb70723699a8165cb4c63b7e401b4cbafa34c2fe61f6603ec3455928e,"What is it? There's nobody here. Of course not, Richard. Your show doesn't begin until eight thirty.",What should the man say?,"Oh, right.",What is it?,25,0,0,8.333333333333334,8.333333333333334
omnivinci,OmniVinci,video_0111,11223596f8e30e272c4e4c04172c0d8c5533937077d37656c34fe9ae06f5fdfb,"A cigarette? No, thanks. A lollipop. A lollipop? How old are you? Excuse me? I'm sorry. It's okay, I'm 25 years old. You're 25?",What should the man say?,Yes.,"Yes, I am.",100,100,100,100.0,100.0
omnivinci,OmniVinci,video_0112,6a2334ae8228724ca337935d09fc077fcdc74a067e6983b34f28b08a94edc6ad,"How about some coffee? Well, the movers are at my apartment, how about coffee at my place? it's near the studio.",What should the man say?,"Great, what's your address?",Coffee.,0,25,25,16.666666666666668,16.666666666666668
omnivinci,OmniVinci,video_0116,8b9c0927b0eac2a544299a480c30e3bc6cb18119ff3979c225d38a3177fe76c8,"Here's to a very special Christmas. To a very special person. To a great singer. Now, to make my day complete,I'm gonna call Alex. Let me wish him a",What should the man say?,Merry Christmas.,Merry Christmas.,100,100,100,100.0,100.0
omnivinci,OmniVinci,video_0117,8815b5c1b8d3f684893b96d90f5dac820f923ca1387b42b0a6bbbb2b2955fe07,"Would you like to open your present? I'd love to. I have a present for you, too... under the Christmas tree. Well, you open your gifts first. All right. Merry Christmas and a Happy New Year. Your friend, Alex. He made the statue at school. 'Mighty Casey at the Bat'. What a riot! I'll keep it forever. It's so cute. All right,",What should the woman say?,Now you open your present.,"Oh, that's so cute. Thank you!",75,75,25,58.333333333333336,58.333333333333336
omnivinci,OmniVinci,video_0118,108cf97d927cb93190832b76881a3f7848cd3abe98589328d8b1516870908657,"Thanks again for the presents. You're welcome. I'll play your tape on my way home. Well, I'll have a whole new version of it this week, with backup singers and full orchestration and the works. It sounds like your dreams are coming true even before ekeko has his first cigarette. Oh-ah-and let me know how the recording session goes!",What should the woman say?,I will.,Thank you.,50,100,25,58.333333333333336,58.333333333333336
omnivinci,OmniVinci,video_0119,803b3bf2858d50f6cd8516a6f5c92931f316ed8016f7683e118cfa3b22de7ad7,"Your gift inspired me to write it. Well, I'm glad. Gotta get goin'. See ya. Take care. OK.",What should the woman say?,Bye.,Thank you.,50,50,25,41.666666666666664,41.666666666666664
omnivinci,OmniVinci,video_0121,b609231807bad31fa3e290bb7ac8f73ea27a215919fd01035dc0dab1de86d680,"Is there a restaurant in this town? There are three restaurants in this town. Where are they? One restaurant is on the corner of Main Street and Park Lane. What kind of restaurant is it? It's a Chinese restaurant. There's also a restaurant on Park Lane behind the bank. Is it a Chinese restaurant, too? No it isn't.",What should the man say?,And what kind of restaurant is it?,Thank you.,25,25,25,25.0,25.0
omnivinci,OmniVinci,video_0124,a69bbfecf14886a2270c9161c7463f7dc7b4008b337ebd8abfb7c36c68eaed80,"Wow, I have 16 new emails. Those are from me, I forwarded you some really funny emails. They're all junk mail you know, I don't like it when people forward things to me. But these are really funny. Maybe, but I'll just delete them.",What should the man say?,Okay I won't send any more to you.,"The man should say 'Oh, I see. You have 16 new emails. That's a lot.'",25,0,25,16.666666666666668,16.666666666666668
omnivinci,OmniVinci,video_0129,10b5fa7166e605fc16afd80b367a04f012d95096080e7da0589b846cb654e4b1,"Honey, where should I put the candy dishes? Here on the table? Sure that's fine. Oh did you ask Greg to bring the ice cream? Oh no I forgot. Oh well, we'll still have enough food. Sorry Mia.",What should the woman say?,That's okay.,You're welcome.,0,0,0,0.0,0.0
omnivinci,OmniVinci,video_0132,a6e6fd849edac4607f3346a8cf3a41ab2d7a90272fa2bfdd68033f479b1f2726,"Becca, you've swept the floor three times, sit down. I can't, I'm too nervous. The new manager won't be here for another hour. Well, he might be early, I want everything to look perfect. Everything does look perfect, but we don't have any customers.",What should the woman say?,You're right. We need some.,"Becca, you've swept the floor three times.",50,0,0,16.666666666666668,16.666666666666668
omnivinci,OmniVinci,video_0133,ee6773abcdf3180799299493793934f0b0af8b1ad236f9b94678111be5a55f45,"What's wrong, Becca? I met the new manager of the Net cafe. And you don't like him? No, he's going to change a lot of things. He thinks I'm a bad manager. He said that? No, but I know that's what he thought. Well, it doesn't matter. I'll be in Atlanta. And we'll be in Brazil. So you sold the stop in shop? Yes, I haven't met the new owner yet. His name is Tyler Adams. Tyler is the new manager of the Ne Cafe.",What should the woman in purple say?,Really? I'm sorry you don't like him,"I'm sorry, I can't help you with that.",25,0,0,8.333333333333334,8.333333333333334
omnivinci,OmniVinci,video_0134,69e53203ae6525ab91ce5a11d9be20ed0588e65d40f6b90766fc759643929164,"I don't want him managing my store. It's not your store anymore, Becca. But what about my customers? What if he treats them badly?Maybe Tyler was just having a bad day. Maybe. Don't be sad, worrying won't help.",What should the woman in black say?,You're right. My customers will be okay.,Thank you for the promotion.,0,0,0,0.0,0.0
omnivinci,OmniVinci,video_0137,16cd81095d91ead64befe4c7a02b1f8a39f8f821cae93aae12c25a88a5c784bd,"You're not Mr. Barker. Very observant. Mr. Barker will be here at 9 a sharp after his morning walk. I am Mrs. McIntyre. Mr. Potter. Deputy head. That's right. I'm the new deputy head. There must be some mistake, I am the new deputy head.",What should the woman say?,Impossible.,"She should say, ""I am Mrs. McIntyre.""",50,0,50,33.333333333333336,33.333333333333336
omnivinci,OmniVinci,video_0138,302437ac4e3a57bc8a18ffff0f41b2756c9e0263e61cd90fcb300665dcfb0db2,Perhaps you're the deputy deputy head. Perhaps you're the deputy deputy head. I can see we're going to have to find Mr. Barker at once to resolve this matter.,What should the man say?,"Yes, I was just going to say that.","He should say, ""I'm sorry, I didn't mean to.""",25,50,25,33.333333333333336,33.333333333333336
omnivinci,OmniVinci,video_0139,bd06834d1025ea3e9b658dbb65c50ac213d2b2f50b2be0ba29a387ffb494a1d9,"My yes! A very accomplished piece of work, Emily. It really draws you in, doesn't it? Thanks Miss. But is it finished? Yes miss. Is it? Yes miss. Of course it is. How silly of me. Do you think it could do with maybe justum one more thing?",What should the little girl say?,I think it's done.,"Yes, Miss.",100,100,100,100.0,100.0
omnivinci,OmniVinci,video_0140,507905627df980142189a8b91b327e5d94753d9ff9caffc4447a91fc1feb4979,"Well? What does that mean? Oh, don't be coy with your godmother. Are you two an item yet? Well, he asked me to spend New Year's Eve with him. And I'm going. Good.",What should the old woman say?,So it looks like it's going to be an interesting new year.,"""Good!""",75,0,25,33.333333333333336,33.333333333333336
omnivinci,OmniVinci,video_0143,c3c74f0f2c662788a15ce143c18925fa7625921459fc2f0ff3f1f7dd31629ae5,"What are you doing Saturday? You mean, New Year's? Nothing, I guess. Why? Well, this could be our last New Year's together, right?",What should the boy with glasses say?,Yeah!,"The boy with glasses should say, ""Well, this could be our last New Year's together, right?""",100,0,0,33.333333333333336,33.333333333333336
omnivinci,OmniVinci,video_0145,4719fd62855d48f907754184169ef3213229dc9fd04fbf1e9bcdf30c016b2b62,"Vincent,your father and I have talked. You and",What should the child say?,I will.,"I will help, I promise.",100,100,100,100.0,100.0
omnivinci,OmniVinci,video_0148,b6b9ec82f34f1c9ef472d0f1c59fdc949ef0b796495c486aafc2aab883cd9345,"I had a really bad day. I left my bag of film on the ferry. I went back for it, but the ferry was gone. I lost a whole day's work. I'll call the Staten Island Ferry lost-and-found office. Alexandra! Hello, Richard. I found your bag!",What should the man say?,"Oh, thank you!",I'm sorry.,50,0,25,25.0,25.0
omnivinci,OmniVinci,video_0150,b2d1dad064a095275a31dd98b995cf45be1dca7e85dde2e54b356684c49b378a,"Excuse me, ma'am. I'm looking for 83 Wooster Street. Yes. Wooster Street is two blocks, and 83 is to the right,about two houses.",What should the man say?,"Thank you, thank you!",Thank you.,100,100,100,100.0,100.0
omnivinci,OmniVinci,video_0151,8f5a99ce2c5920b7f4630e49aa37d8cb8ef488337c7b4f84670d971aa0d38b5d,"Hello, Harry. It's nice to meet you. Nice to meet you, Susan. Sorry I'm late. The traffic. The parking. I was lost.",What should the woman say?,Don't worry about being late. It's fine.,Thank you.,25,0,25,16.666666666666668,16.666666666666668
omnivinci,OmniVinci,video_0152,fd823e1d6028e95d89cf226f1e2e40ee841cd5ad79b244ef51871895db56b17b,"Are we too late for our dinner reservation? No, the restaurant will hold our table. I know the owner very well. I eat there a lot. Do you know the phone number of the restaurant? I'd like to call home and leave the number with the baby-sitter.",What should the woman say?,Sure.,"Yes, of course.",100,100,100,100.0,100.0
omnivinci,OmniVinci,video_0157,58ac9c8ab6c2219d5bcfa15dd48f580b1f2e44e36868aead111ae2500decdec9,"Lots of wonderful memories. We were married almost fifty years. Well,forty-seven, to be exact. John and I celebrate our fortieth anniversary next month.",What should the man say?,"Oh, congratulations! That's nice.","""Let's celebrate our 47th anniversary next month.""",0,0,50,16.666666666666668,16.666666666666668
omnivinci,OmniVinci,video_0158,098e17f5e2aec87a97074467ed32f5c89d7bf624923646a4c9eedaadb9c20a66,"I am exhausted. My new exercise class is so hard. Your new exercise class? Yeah. My new advanced exercise class. Why advanced? My instructor thought that the beginner's class was too easy for me. In the beginner's class, they give you a chance to rest between exercises. So?",What should the woman say?,The advanced class is nonstop.,"She should say ""I'm sorry.""",0,0,0,0.0,0.0
omnivinci,OmniVinci,video_0159,289dc7f289a530eb323ae333ef1337690267bde65641cd2b30eac43405bada49,"Doing aerobics for an hour is a lot different than lifting weights. Yeah. Quite a bit different. I think aerobics is easy. I could work out in your class with no problem. You think so? Oh, without a doubt. When's the next class? Tomorrow morning at ten o'clock. Try it.",What should the man say?,It's a nap.,"You should say, ""I'm sorry, I didn't realize how much you loved the class. Can we try it again?""",0,0,0,0.0,0.0
omnivinci,OmniVinci,video_0160,4b1b06fdf8d2b4c0227161461d52ae0828020ac2a8e45b6d40726ab76af46feb,You are not going to be able to move after this and the aerobics class. Are you kidding me? It's going to be a piece of cake. You want to bet?,What should the woman say?,Yeah. What's the bet?,You're right.,50,0,75,41.666666666666664,41.666666666666664
omnivinci,OmniVinci,video_0162,baa5a38d64571d99e70eb6e01a9a368821bfe64a41e4641302d8b6c03000e2e2,"Well, I didn't really exercise. I knew it! I wanted to,but Jack Davis needed a photographer. I'm sorry, Marilyn. I don't understand. Did you exercise or not?",What should the man say?,No.,"I'm sorry, Marilyn.",50,0,25,25.0,25.0
omnivinci,OmniVinci,video_0165,16e62864ba88e0ae69377a7ed659c7d89745df997efbbb5556ff1d3a64d26547,"Oh, what are you doing tomorrow? Nothing much. Well, maybe your dad and I could take you fishing with us. I'd like that, but... But what? But Dad is always so busy. Well, can you come fishing with me tomorrow?",What should the man in green say?,"Sure, I can.","Yes, Dad's free tomorrow.",75,0,100,58.333333333333336,58.333333333333336
omnivinci,OmniVinci,video_0166,05437e420376e49ecab4d03b35fbe1a074c532d41dccb82e8afae99fffa7ff1b,"Robbie says you can't take him to the game today. I really feel bad about it, but they need me at the hospital today, in the children's ward. l understand. Maybe we can spend some time together next weekend.",What should the elderly person say?,Definitely. We should.,"""I understand.""",100,0,100,66.66666666666667,66.66666666666667
omnivinci,OmniVinci,video_0168,8711c78c3a3b68ac897585be3627608e45937a8fef9881d2f30b6004bc62c64c,"Is something wrong, Alexandra? No, nothing. Yes, there is. I can tell. What's the matter? Come on, you can tell me. What's up? I don't know. Something's wrong.",What should the man say?,"OK, let's talk.","""I understand your feelings, but we need to focus on the task at hand.""",50,0,25,25.0,25.0
omnivinci,OmniVinci,video_0170,08a1e0c6659b175aeba547734eaded0cc38b85c8d004ac66f08a6ece604d8b70,"I know I must seem silly. It's not like I have nobody. I like the Molininas very much, and they're so kind to me.Hey, why don't we go out for a cheeseburger and fch fries, that'll cheer you up and you can use my walkman.",What should the woman say?,That's a good idea.,Thank you.,50,100,100,83.33333333333333,83.33333333333333
omnivinci,OmniVinci,video_0171,832b4ab965f3c069b372c3b4895dc7f7c5a00f8f688993144eabea017a4cfa03,"This dog is well trained. And she likes you too. So how are we going to find the owners? With a little help from the ASPCA, the American Society for the Prevention of Cruelty to Animals. They're the ones. We once found a cat. She was caught in the branches of our tree. And dad called the ASPCA. They came and solved the problem.",What should the woman say?,"Robby, let's call them.","I'm sorry, but I don't have the information to provide a concise natural utterance only.",0,0,0,0.0,0.0
omnivinci,OmniVinci,video_0172,a2fce449254318630bab35f54ed13414773580cd8c52f983624d124158a5d4b2,"Let's take Gemma by there now. They'll find the owner. I hope so. I'm so sad to see this little dog without her family. I'm sure they'll find the owner. But if they don't, I'll adopt her. She's so cute. Look at those eyes. She's hard to resist, don't you just love her?",What should the woman say?,"I like to keep her, too.",The woman should say 'Let's take her to the animal shelter now. They'll find her owner there.',75,25,0,33.333333333333336,33.333333333333336
omnivinci,OmniVinci,video_0174,b0ca864a2cffd42323eb2b83a14cc1bfed85c1cfbaae3c6db94dc3a5834a4d62,"I need your special talent for handling special matters. Like what special matters? Well, I have a scheduling problem. Yes? I have three tonsillectomies set for Friday with Dr.Earl. Yes? I need to fit a fourth operation into his schedule. And... I know you can do it. Well, I'll try to arrange the scheduled, Dr.Stewart. But it's not going to be easy.",What should the man say?,I know you'll be able to take care.,I need your special talent for handling special matters.,25,0,0,8.333333333333334,8.333333333333334
omnivinci,OmniVinci,video_0177,1c25d37da7eba4229944796353dc8546b853c106fe680ddd5472ed15bf90ffb8,"Now, what else is on the schedule today? Well at one o'clock you have a lunch appointment with Mr. Levine, the client from the toy town stores. Where? At Rossano's. Anything else? At four o'clock you have a meeting with the production staff in the conference room. Make sure everybody is at that meeting.",What should the man say?,Will do.,"Yes, ma'am.",100,100,100,100.0,100.0
omnivinci,OmniVinci,video_0180,cce1b21a54626fba35d70a1637c5d3627266685b27e8ff7c8299f7f2ff3dbcaa,"When did you buy a house? After Richard was born. I was teaching music, and Philip was opening his first medical office. Where was the house? Right here in Riverdale. Of course, it was a small house, but just right for us. It's funny, history repeats itself. Now Richard and I are having a baby, and we probably won't be able to afford a house right away, either. Why don't you look at some houses, Marilyn?",What should the woman in black say?,Good idea.,"Why don't you look at some houses, Marilyn?",100,0,0,33.333333333333336,33.333333333333336
omnivinci,OmniVinci,video_0183,6368fe5243708832baa1b864101bb1452fe229b17a292d56d1a99f6a27e99a32,"Oh, my! Here's a real buy. It's a bargain. This house just came on the market. It's quite lovely. Is it a two bedroom house? No, it has three bedrooms and three baths. I know the house. It has a brand new kitchen, and a living room with a 12 foot ceiling and there's a two car garage. The why don' we go look at this house, too?",What should the woman in pink say?,It's a good investment.,"""Thank you.""",0,25,0,8.333333333333334,8.333333333333334
omnivinci,OmniVinci,video_0184,def99476228038202788cdb3fe683194a4688442129de9d76a060731a42d60e6,"Thank you, Mrs. Martinelli. Thanks so much. My pleasure. Give my best to your parents. Your father's a wonderful doctor, Richard. He took care of my daughter when she was a child. He's the best pediatrician in Westchester.",What should the man say?,"Thanks Mrs. Martinelli, I'll give them your regards.",Thank you.,50,50,100,66.66666666666667,66.66666666666667
omnivinci,OmniVinci,video_0185,237b2ecea5f70ae815b0e8308783570e20f6cd3959b1a2cb49bc439101ce3ba2,It all sounded so easy until they mentioned needing collateral or a guarantor. We have no collateral. And I don't think it's a good idea to ask dad to sign as a guarantor. I don't feel right about it.,What should the woman say?,"I understand your feelings about it, Richard.",I don't think it's a good idea to ask Dad to sign as a guarantor.,75,0,25,33.333333333333336,33.333333333333336
omnivinci,OmniVinci,video_0186,68f1d16a6967b7ff0b192a81ce6384a83367b6d72c222044121c932c01b845cd,"What about the house in Mount Kisco? Somebody else will buy it by then. Well, then there'll be other house, Marilyn. Oh Richard has a point. You're just beginning to look. We're no great rush. It's true. This has been a great learning experience for us, Marilyn. Talking to the real estate agent. Looking at the houses. Talking to the loan officer at the bank.",What should the woman in white say?,"It has been a learning experience, that's true.",I'll buy it.,25,25,25,25.0,25.0
omnivinci,OmniVinci,video_0187,546a187ef13130b703794a06c7dcc7273e7312808f8433ab837053e1cc77b4f2,Children usually resemble their parents. It's true. Michelle is a lot like Harry in so many ways. And she shy with new people just like he is. You really like Michelle don't you.,What should the woman in blue say?,"Yes, I'm very fond of her.",I'm sorry.,0,0,0,0.0,0.0
omnivinci,OmniVinci,video_0188,e1300d823895b296054d6538a6d225518a1a2a3b1dcdaae459f61c68dd9603c4,"You like living in New York, don't you? Oh I love it, it's so convenient. I can take the bus to work...or the subway...or a taxi. And there's so much to do. Lots of movie houses and the theater. I know what you mean. I'd like to live in the city, but living in New Jersey in the suburbs is better for Michel. Trees, grass.",What should the woman say?,There's a lot of good things about suburban living.,"You like living in New York, don't you?",0,0,0,0.0,0.0
omnivinci,OmniVinci,video_0190,9bbec3f78b4110be372485940db0f428f7019d9580aa09642b1d8a0d222447c5,"You ought to think about spending more time with Michelle at all the great places in this city. Well, perhaps you'll help me select some of the great places. And perhaps you'll join us?",What should the woman say?,"Perhaps, I will.",You should spend more time with Michelle.,25,0,0,8.333333333333334,8.333333333333334
omnivinci,OmniVinci,video_0191,2c4cbac769c34f5ffdf5c405a2f5cc68e912274926a98d05e71fa89393090527,"Susan, I, I really appreciate you doing this for Michelle and her friends. Oh, please, Harry, it's nothing. I'm not just doing it for Michelle. I'm doing it for you.",What should the man say?,Thank you.,Thank you.,100,100,100,100.0,100.0
omnivinci,OmniVinci,video_0193,9babfc3024fc4a07d3d6ece1eccf7424179cd648122cdd21d5cda6ab25d505e2,"Susan, will you marry me? It's such an important decision. There's so many things to talk about. There are three things that have to be done first, Harry. Three things? First, we have to decide where to live. Well, that's easy we talked about that earlier. We'll live in New York. All right. Second, we have to talk to Michelle together about being married. We'll do that immediately. What's the third thing? You have to ask for my father's permission.",What should the man say?,Absolutely.,He should ask for her father's permission.,75,0,25,33.333333333333336,33.333333333333336
omnivinci,OmniVinci,video_0194,8021ca586cf2a1c7fbe9cfd873ad47343f5ece2f100e1e223e7e2b8fc35541c1,"What's this for? Just because. How's the baby? Fast asleep. I'm sorry, I missed him. I had to work late. What are the flowers for, Richard? Five years of happiness, Happy anniversary our anniversary. But our anniversary isn't until Saturday.",What should the man say?,I couldn't wait.,"""Happy anniversary.""",75,0,75,50.0,50.0
omnivinci,OmniVinci,video_0195,280a9165ac743ec32308cea16491458ce8efca8832f6a325d3ea771c1da1b3f3,"If you had your choice of all the places in the world, where would you choose to spend our anniversary? The Watermile Inn. I loved that place when we went on our honeymoon. Perfect! You picked the right place. I don't understand. you and I, Missus Stuwart, are going to spend a second honeymoon at the Watermile Inn.",What should the woman say?,"Oh, Richard, that's wonderful.","Yes, I love that place.",75,25,100,66.66666666666667,66.66666666666667
omnivinci,OmniVinci,video_0196,b04181cb731fc6351469ad85e418d14dca720cd1a5b3dec80d1529c58290bf81,"Come on, Mar. It's time you and I had a romantic weekend alone together. We've earned it. What do you say? It does sound tempting. You're right, we burned it.",What should the man say?,Great.,"Sure, I'm in.",100,0,100,66.66666666666667,66.66666666666667
omnivinci,OmniVinci,video_0198,6e5d07f938e8064156323682ae596d4686446f11d897297d100999de56ca484e,Thank you for calling us. I remember you and your wife from the first time you stayed with us. We were very young. And very much in love. We have a baby now.,What should the woman in white say?,How wonderful! A boy or a girl?,Thank you for calling us.,25,0,0,8.333333333333334,8.333333333333334
omnivinci,OmniVinci,video_0199,90ec8605f3a24186968b2c90a1c85d11d524dfe3891ddad36387d4fae94c62e7,"Let's eat first. I want to call home and check on your mother and the baby. Honey, if there were any problems, she would call us. She doesn't know we've changed hotels.",What should the man say?,"You're right, of course.",Let's eat.,75,100,25,66.66666666666667,66.66666666666667
omnivinci,OmniVinci,video_0200,972f43d4ec7c5b026796ed602a96c5de444be151c8eddfc1dc9eac85304f8b86,"The mailman just drops a mail in our box, Grandpa. Oh probably a lot of advertising and bills. You were right, grandpa. Advertising, bills, bills, advertising.",What should the elderly man say?,"Yes, just like I said, Robbie. Nothing interesting.","""Thanks for the mail, Grandpa.""",0,0,0,0.0,0.0
qwen2_5_omni,Qwen2.5-Omni,video_0001,970dfe236c6ec24df6e1c95353794ff9f9f2917a5800ad93e6c59be639592406,"As you know Whitney has been a one woman wrecking ball, strong arming every college student who dares cross her path in adjoining Tinder.Judging by these numbers guys, they're telling their friends, Okay",What should the man with his hand on the woman's shoulder say?,so I'd like to officially announce that Whitney is the newest and certainly the most feminine cofounder of Tider.,"He could say something like ""Hey, let's go celebrate this win!"" or ""Wow, we did it! Let's party!"" What do you think he should say?",50,0,50,33.333333333333336,25.0
qwen2_5_omni,Qwen2.5-Omni,video_0002,c936301c118855f0c6350904d09b1d84f55f8ca1956a86777d68ad5b9615bb1e,"When we filed the suit.You know, you said we had a strong case and we do you demonstrated a pattern of abuse that is systemic and company wide right and the picture of these text messages paint well, Justin Mat would exactly cut a sympathetic figure for a jury I mean he was suspended which is why we were able to get this settlement figure so high Now",What should the woman sitting in the middle say?,"the money is nothing.It's not nothing to me, it's a crazy amount to me, but for them it is a slap on the wrist","She could say something like ""I see. That makes sense."" or ""Oh, I get it now."" or ""Thanks for explaining that."" What do you think she should say?",0,0,0,0.0,0.0
qwen2_5_omni,Qwen2.5-Omni,video_0003,4a9d18e645615b58738181e97aa466b6c957dfa4be8801f8fa20ae5c7158c5b6,"All right, all right, your sandwich for the cheese toasie, the bag of scratchings and a chocolate bar. Come on, I'm robbing myself. I don't want to swap it.  All right, all right, here's what I'll do. The toastie, the scratchings, a choccy bar and...a roast dinner with all the trimmings. How long has that been in there? Come on, I'll throw in the briefeases well. Fine, just take it. Lovely.",What should the woman in green say?,Pleasure doing business with you.,"The woman in green could say something like ""Alright, alright, here's your sandwich, the cheese toasty, the bag of scratchings, and a chocolate bar. Come on, I'm robbing myself. I don't want to stop. Alright, here's what I'll do: the toasty, the scratchings, a chocolate bar, and a roast dinner with all the trimmings. How long has that been in there? Come on, I'll find a briefcase as well. Fine, just take it."" So, what do you think about that? Do you have any other ideas?",0,0,0,0.0,0.0
qwen2_5_omni,Qwen2.5-Omni,video_0012,15ba6534f6818d1cbbf26b653927b896f6c43be07408f95e85d8ce9a7e75f732,"Good morning! Good morning. Mrs Collins, Ofsted. Here to see Mr Barker for the inspection. Certainly. One moment. Morning, Mr Barker. I've got a lady here to see you. Mrs Collins, Ofsted. Certainly. I'll let her know. Unfortunately, Mr Barker has been detained at the vets. He sends his apologies and asks if you'd mind showing yourself around? Of course.",What should the woman in yellow say?,Here's a map for yourself.,"She should say, ""Of course."" So, what do you think about that?",0,0,25,8.333333333333334,0.0
qwen2_5_omni,Qwen2.5-Omni,video_0015,1ec8dfdeaa7583e70869b0825d332e7b8d07f6f4543d405792e27be211739616,"Does the name Harvey Carlson ring a bell? Oh, yes, Harvey Carlson, I remember. He said I should call him. He is the publisher of the Carlson Publishing Company. He said they need a new book of photographs and he really liked my concept. So why don't you call him in the morning? Do you think I have enough to show him? I've been through every section with you, Richard. It's quite complete. And now that you're satisfied with the performing art section, I think you should show it to Mr. Carlson.",What should the man say?,"You're right, My family album USA feels right. I'll call in the morning and set up an appointment to see him.","The man should say, ""I think I have enough to show him."" What do you think about that?",75,0,50,41.666666666666664,37.5
qwen2_5_omni,Qwen2.5-Omni,video_0016,d2cb6fb9e4b3aac2f818e6416fc53eb18dbf9721cffeafde578f006a068eb3c2,"Okay, let's take a look. Good, very good. Family album U.S.A, is an excellent title. If you had to describe the book in one sentence, how would you do it? Well, I describe it as a book, which is a portrait of the United States, the places, the people, mostly the people. The things they do, the ways they live, the places they visit and the landmarks, a photographic journey.",What should the man with gray hair say?,These are wonderful.,"He should say something like ""Very good, Family Album USA is an excellent title."" What do you think about that?",50,0,50,33.333333333333336,25.0
qwen2_5_omni,Qwen2.5-Omni,video_0017,d220511d067e5f3e538b2770ff8b60351bb8e5a108a6537cd7fda64515c93c34,"I'm glad you like them. I do, but... But? there's something missing. You've got a good eye, Richard, you're a terrific photographer. But before I can publish your work, I need to meet with my marketing department and you've got to do one more thing.",What should the man with black hair say?,"What's that, Mr. Carlson？","Well, he could say something like ""I see, I'll do that."" or ""Alright, I'll take care of it."" What do you think he should say?",0,0,25,8.333333333333334,0.0
qwen2_5_omni,Qwen2.5-Omni,video_0018,1d37a88c1979a8a094b68043d4b349734cb23b61eee30e0339fcc20b4fb39df4,"In the section on culture, you've included performing art centers but you've left out street performance. The mimes, the musicians, the dancers in the parks and on the streets. Richard, if you go out and photograph street performances in the city, you'll have it. That is a great idea. The performing arts centers and the street performances. I'll do it. If you do it, I'll publish your work. Are you serious?",What should the man with gray hair say?,I've never been more serious.,"He could say something like, ""That sounds like a great plan. I'll definitely do it."" What do you think he should say?",50,0,25,25.0,25.0
qwen2_5_omni,Qwen2.5-Omni,video_0019,62e2e23ae5a54cfafb036455d792edcbe3762e328c165b6595713c8836a269ac,"When do you think you can return with street performances? A couple of weeks. If they're as good as the rest of these pictures, it's a deal.",What should the man with black hair say?,"You won't be disappointed, Mr. Carlson. Thanks.","He should say something like ""I think it'll be a couple of weeks if they're as good as the rest of these pictures, it's a deal."" Well, what do you think about that?",50,0,25,25.0,25.0
qwen2_5_omni,Qwen2.5-Omni,video_0020,b648cbb4b7655f413ee8b7e3e5838394689dfa2154eedbff662c17e09a3e64aa,"What a job! Good work, Richard! I'm so glad you like them so much. Like them? They represent your best work. Really?",What should the man with gray hair say?,Absolutely.,"He could say something like ""Thanks, I'm really glad you think so."" So, what do you think about this? Do you have any other ideas?",50,0,50,33.333333333333336,25.0
qwen2_5_omni,Qwen2.5-Omni,video_0021,2a979b58ab035749dbff5039e26afb6b37f42f9f75383e1c64899b9710a46657,"But if Boswell wins, he'll be an important decision maker on the school board, and he doesn't know anything about our children's education. Who's running against him? Nobody, that's the problem. Well it sounds to me like Carter Boswell is going to win the seat on the board. Oh, not if I can stop him! And how are you going to stop him?",What should the woman say?,I don't know. Maybe I'll run against him.,"She could say, ""I'm going to vote for his opponent."".If you have any other ideas or need more help, feel free to let me know.",0,0,50,16.666666666666668,0.0
qwen2_5_omni,Qwen2.5-Omni,video_0024,f663ba15a3e500111d94811ac6628b48c4399463176505b33a3358cb01186c2d,"A lot of people would like my help. Do you have a story? I'm planning to run for the school board. Against Carter Boswell? Yes. Well, that is news. Will you announce that I'm running? Sure, but I need some information.",What should the woman say?,Of course.,"The woman could say, ""I'm running for the school board against Carter Boswell."" What do you think about that?",75,0,50,41.666666666666664,37.5
qwen2_5_omni,Qwen2.5-Omni,video_0025,614c172963c5fc5dd285241e34407d4e1b3b237d74add4c653f870456586ec00,"You have to go on television, too. Boswell's a powerful speaker. You can be too, your ideas are good ones.",What should the woman say?,I don't know. I'm not sure I'm up to it.,"She could say, ""I'm not sure, I've never been on TV before."" Well, what do you think she should do?",75,0,50,41.666666666666664,37.5
qwen2_5_omni,Qwen2.5-Omni,video_0028,bc1deab038de695c3f655a8a7cf90dd10ceef347a82cbe62e4aae61aba551d81,"Something blue. My wristband. I, I wore it when I married your father. Oh oh mother, I forgot you're still had it. It's just so lovely. I bought it in an antique shop when I was about 18 years old. I saved it for my wedding day. And you saved it for me, didn't you, Mother?",What should the woman in the blue-patterned dress say?,"Yes, honey, I did.","She could say something like ""Oh, that's wonderful, I'm so glad you still have it."" What do you think she should say?",50,0,25,25.0,25.0
qwen2_5_omni,Qwen2.5-Omni,video_0032,0330623955de8208176389bdc8c3b6292eeaeebd8798e79820c2a46240945b39,"It's not good to eat before going to bed. A cookie can't hurt, though. Well, I'm heading off for bed, and a good night's sleep.",What should the man in grey say?,Well good night.,"Well, he could say something like ""Thanks, I'll have a cookie before bed."" or ""Sure, I'll have a cookie."" or ""Yeah, a cookie sounds good."" What do you think he should say?",0,0,25,8.333333333333334,0.0
qwen2_5_omni,Qwen2.5-Omni,video_0034,8619927a6453c079fcd6de91e31dc2dd6af911cb840fe2af5f8d4064771b1986,"Hello there,Robbie. What are you doing up this late? Reading. Reading? At this hour? Come on, Robbie, what are you doing up this late? Things on my mind. Do you care to talk about them?",What should the man say?,"Sure, if you don't mind listening.","He could say something like ""I'm just thinking about some stuff that's been on my mind lately."" What do you think he should add?",0,0,50,16.666666666666668,0.0
qwen2_5_omni,Qwen2.5-Omni,video_0036,ba9bfffb9194f6aed8986bb225da309c9783fb9ff4cc1dd0fc7214d4e65103a1,"I think I have an idea. You do? Yep, I think I have an idea that will bring dad and you together in a more scheduled way.",What should the woman say?,What is it?,"She could say, ""That sounds great! Let's hear it."" What do you think she should say?",75,0,50,41.666666666666664,37.5
qwen2_5_omni,Qwen2.5-Omni,video_0038,1021c036ac836122b19058c1298a9a2bc91b98a75e66fc9f29d84ce78924bfa3,"I've been trying to find a way to encourage reading. Good luck. Oh, I think I may have found a way to do it. Yeah, tell me about it. I work with families every day, Ellen, I see how people spend their leisure time-- young and old. Mostly watching television. Well, that would be okay if and I repeat, if People took the time to read. I couldn't agree with you more. The question is, how do we get them to read more? I think you're going to give me the answer to that question, you... you have that look in your eye.",What should the woman say?,"I do have an answer, Philip, or at least I think I do.","She could say something like ""Well, I think we could start by creating a fun reading challenge for the families. Maybe we give out prizes for those who read the most in a month. And we could also organize reading clubs where they can share their favorite books with each other."".So, what do you think about these ideas? Do you have any other thoughts on encouraging reading?",75,25,75,58.333333333333336,50.0
qwen2_5_omni,Qwen2.5-Omni,video_0039,85bf303552776e42d9cc02fb002b6aaeb98d56d52c47467f08ab1c0a91c091a0,"But how do you plan to do that? By arranging with the public schools to schedule one hour a week to start with. During that time, parents are invited to attend and to read along with the children, their children. It can go beyond the schools, Ellem. Really? I guarantee you it would go very well in the hospitals. As my patients, mostly kids would would love to read and be read to. You think so? I know so. Maybe we can experiment with your patients and see how the plan works.",What should the man say?,I love the idea.,"He should say something like ""I'm confident it'll work out great."" What do you think about that?",75,0,50,41.666666666666664,37.5
qwen2_5_omni,Qwen2.5-Omni,video_0040,1c44a96e3616969b9bbc8a8478adbaa4641b824b813aa6af29236ae2f15ce0d4,This would be a wonderful way to accomplish that. I have a question. Yes? What do we read? To the patients in the ward? Yes.,What should the woman say?,Well let's you and I talk about it.,"She should say, ""Yes, what do we read for the patients in the ward?"" Well, that's what you asked. Do you have any other questions about this?",75,0,25,33.333333333333336,37.5
qwen2_5_omni,Qwen2.5-Omni,video_0047,6798fdfc844170f2837585f736a93e09e5af9ebd8f8e2ec55999e8c4d1905755,"Well, are you going to tell me what's on your mind, Harry? I have been offered a job with a major accounting company in Los Angeles. But first, tell me about the job, Harry.If it's a good one, then we'll make it work for us I have a client in the garment business on seventhth Avenue I do his taxes every year.He has a big sales office in Los Angeles, and the company in Los Angeles that does his major accounting work is looking for an executive. And he recommended me.",What should the woman say?,"That's wonderful, Harry. What about the salary?","Well, that's great news, Harry. I'm really happy for you. What do you think you'll do next?",75,100,75,83.33333333333333,87.5
qwen2_5_omni,Qwen2.5-Omni,video_0049,79538a934800775e33a55abdee2f91c88ed6650f021363e0e9f5efeb55236c1f,"A real dilemma. Does it have anything to do with you and Harry? Yes, but I don't know where to start. Maybe I can help.",What should the woman say?,Tell me.,"Well, she could say something like ""I'm not sure if I can handle it all. I need time to think."" What do you think she should do?",50,0,50,33.333333333333336,25.0
qwen2_5_omni,Qwen2.5-Omni,video_0050,c00f7663426f0b7370436f6a1ad0e21842edd70830892a9459d3f55be8f20397,"I think that you're very successful and that you have a fantastic reputation in the toy industry, I think you could talk to Mr. Marra.And I think he could help you find a real good job in Los Angeles. He was very helpful to me. Remember?",What should the woman say?,I suppose I could call him.,"Well, she could say something like ""Thank you for your kind words and the suggestion. I'll definitely consider talking to Mr. Marchetta."" So, what do you think about that?",0,0,50,16.666666666666668,0.0
qwen2_5_omni,Qwen2.5-Omni,video_0053,a7ebbad3c3d7b75b17d7e50879db9c5e03f01a8d4bb6333434de444d38981ddf,"I met with Bill York today. And I talked with Mr. Marchcheta. Did York make the offer? Yep, he asked me if I want the job. That's exciting, Harry, what was it? A vice presidency with the biggest accounting company in the country, craft and craft. Aren't you excited about that.",What should the man say?,Sure I am.,"He could say, ""Yeah, I'm really excited about it. It's a great opportunity."" So, what do you think about this job offer?",75,0,75,50.0,37.5
qwen2_5_omni,Qwen2.5-Omni,video_0055,69b7b8ed9d01f616bdaeaa04504bd3f46b8bda74b2099079da6b05b5bc827990,And how do you feel about taking the job in Los Angeles? How should I feel. It's the biggest company in the country. Well then you feel good about taking it?,What should the man say?,"Well, I feel fine about it, why should I?","He should say, ""Then you feel good about taking it."" So, what do you think about this job opportunity?",50,0,25,25.0,25.0
qwen2_5_omni,Qwen2.5-Omni,video_0056,97c5e748b87c85178b2f8b59b5db33aabe62cf8c4a48ecfdb889c319fe34f313,"Come and sit down for a minute, Michelle. I'd like to talk to you about something, something important. What's wrong, Susan? Oh there's nothing wrong, Michelle, but your daddy and I are talking about something that I'd like your opinion about. I know. I heard you talking about it the other night when I was trying on my new clothes. It's about moving to Los Angeles.",What should the woman in blue say?,"You're right, How do you feel about it?","The woman in blue could say something like, ""I know, I heard you talking about it the other night when I was trying on my new clothes. It's about moving to Los Angeles."" What do you think about that? Do you have any other ideas?",75,0,50,41.666666666666664,37.5
qwen2_5_omni,Qwen2.5-Omni,video_0057,f710f3678f4322312741a72619b103856cbc40948416762357bc1953ecbb3baa,"Well, I really wouldn't want to move, but. But? But if you and daddy wanted to, I guess you know what's best for the family and for me.",What should the woman in blue say?,"That's very considerate of you, Michelle.","Well, I really wouldn't want to move, but if you and daddy want to, I guess you know what's best for the family and for me. So, what do you think about that?",75,0,50,41.666666666666664,37.5
qwen2_5_omni,Qwen2.5-Omni,video_0075,2574e5fe62cbd130bcf953dd8068f6e4ff67e73d2a2dda1f3c5d2ce1605bc29d,"Oh, what kind of dresses would you design? I've thought about that for some time. Yes? Wedding dress. Wedding dresses. Brilliant idea. There's a big market today in wedding dress.",What should the woman in white say?,That's what I thought.,"She could say something like ""I've been thinking about it too. There's a lot of potential in wedding dresses."" So, what do you think about this idea?",75,0,75,50.0,37.5
qwen2_5_omni,Qwen2.5-Omni,video_0076,fa7b463cf0b2870d540ed86953e2ca82ff41a1385bb890b8c24fbd1066ea2410,"I like the idea very much and if it's successful, we can expand all kinds of dresses. That's what I thought. As a matter of fact, I have a customer for your first wedding dress, Well my niece is getting married and I've been trying to find just the right thing for her. Marilyn, you're going to design my niece's dress, that'll be our first one and then we'll use it to sell others. Do you really mean it?",What should the woman in black say?,I really mean it.,"Well, she could say something like ""That's wonderful! I'm excited to get started on your niece's dress."" What do you think she should say?",25,0,25,16.666666666666668,12.5
qwen2_5_omni,Qwen2.5-Omni,video_0086,b7728f7c7d29308f45e65d07b35ee89caa13885fba192403ca772042df300b7a,"Well, now that you're here you can help me with dinner. I need those potatoes peeled and sliced. Mom, give me a break. Alexandra's coming over to help me study for my math final. Well, in that case, you can wash the dishes and clean up after dinner. Can I invite Alexandra to stay for dinner? Of course. Thanks, mom. You and Alexandra have become good friends, haven't you?",What should the man say?,"Yes I like her, she's a terrific person.","He could say, ""Thanks, Mom. I appreciate that."" What do you think he should add to that?",50,0,50,33.333333333333336,25.0
qwen2_5_omni,Qwen2.5-Omni,video_0087,e658bc1f4bbb9ef1c5723d0994195f29b89584baf939ef32a35871e2c4b9a71f,"I'm going to miss her when she goes back to Greece. Would you like to give her a little farewell party? Mom, that would be terrific! Maybe we could make it a surprise. Oh I don't know surprise parties don't always work out well. Well, we could tell her it's a graduation party for me. When Alexander arrives, we'll surprise her.",What should the woman say?,"Well, I suppose that might work.","She could say something like ""That sounds like a great idea! Let's plan it carefully so it's a surprise."" So, what do you think about having a surprise party?",75,0,75,50.0,37.5
qwen2_5_omni,Qwen2.5-Omni,video_0088,efb0a077581ca68c53d6a46d9cf6fb6a193795a0bf72a78b2d32d061035d2a14,"I'd like to give her a nice going away present. Fine. There's only one problem. What's that? I'm broke. I should have saved some money. I'm sure Alexandra would be happy with something simple, Robbie. I know, but well, I'd like to give her something nice to remember me by. Maybe I could borrow some money from you and dad. Oh it's all right with me if it's all right with your dad.",What should the man say?,"Thanks mom, I'll talk to him.","He could say, ""I'll talk to Dad about it."" What do you think?",75,0,75,50.0,37.5
qwen2_5_omni,Qwen2.5-Omni,video_0089,64f305081298903489d271a73c0d136986077b78d3a1a2ac1625a49a754318a1,"My friend Alexandra is going back to Greece. Nice girl. We'll all miss her. Mom says we can give her a going away surprise party. Good idea. And I'd like to get her a nice gift. What' do you have in mind? Well, a wristwatch, so she'll think of me when she looks at the time, nothing flashy, expensive, something simple, but a good one.",What should the man in light blue say?,"Sounds fine, Robbie.","He could say something like ""That sounds like a great idea! A simple yet thoughtful gift would be perfect."" So, what do you think about that?",75,0,75,50.0,37.5
qwen2_5_omni,Qwen2.5-Omni,video_0090,d1a06dd01f6b2b6c99c68e6fe865a7a74b469bd1da054763a2f4503f7d0525d6,"Oh, and Robbie. Yes? You probably want a family car so you can drive her home after the party. Could I? If you drive carefully.",What should the man in grey say?,"I will, thanks dad.","He could say, ""Thanks, I'll be careful."" So, what do you think about that?",75,0,75,50.0,37.5
qwen2_5_omni,Qwen2.5-Omni,video_0091,a4037b68c1d6a392ff1af0d2171c287ecd9a720235dbfd6208b9b0c1f95dd1f0,"When is your plane reservation for you flight to Athens? Sunday, why? Would you be able to come over Saturday night? Yes, I should be finished packing by then. My folks are giving me a little graduation party. Terrific! I'll pick you up. That isn't necessary. My dad's letting me borrow the car. Oh well, that would be very nice. About eight o'clock? Eight o'clock is fine.",What should the man say?,"Great, it's a date.","The man could say, ""I'll see you Saturday night then."" What do you think about that?",75,0,50,41.666666666666664,37.5
qwen2_5_omni,Qwen2.5-Omni,video_0093,d26adeeaf8f7d1226474db047834f8a1962e185c00c6368b89389772be54f59f,"She's really a good friend, isn't she? Yeah. You are going to miss her. Am I going to miss her?",What should the woman say?,"That's what I said, you are going to miss her.","She could say, ""Yeah, you are going to miss her."" What do you think?",75,0,75,50.0,37.5
qwen2_5_omni,Qwen2.5-Omni,video_0097,f018b67a860ecad4bf3196afe41bfb27c460d58290ae9117acd41f8373df891c,"I would just like to thank all of you, my friends, who have made my stay in the United States so wonderful. And to Robbie and the Stewart family for opening their home to me. We should thank you, you're a real friend. And I also have a little surprise for you, Robbie. A little going away present. Thank you. Open it pleas.e I think you might be amused. OK.",What should the man in the blue T-shirt say?,I can't believe it.,"Well, he could say something like ""Thanks, that's really nice of you."" or ""Wow, that's a great surprise!"" or ""I'm so touched, thank you so much."" What do you think he should say?",25,0,0,8.333333333333334,12.5
qwen2_5_omni,Qwen2.5-Omni,video_0098,53d835df6804fbf3494c23a4a7611496446ca9ad92881b6a3ded0a53b47b3f5e,"I can't believe this is really happening! You've earned it. Years of work went into these pictures. I know, but it's still a dream come true. Well, remember we're not sure what the critics are going to write about your show yet. And you never know what the man from the New York Times is going to say about it. Are you worried?",What should the man with silver hair say?,I always worry.,"He could say something like ""Don't worry, your hard work will be recognized."" Well, what do you think he should say?",50,0,50,33.333333333333336,25.0
qwen2_5_omni,Qwen2.5-Omni,video_0099,617a0d137e62e531088b08334dc2404819eba9d6efe96c608ff8623bebdada90,The reviews of this show are important for the sales of your book. When did we see the reviews soon? One of the critics is coming up this morning for a preview. I hope he's in a good mood.,What should the man with black hair say?,So do I.,"Well, it depends on what the other guy said. If he said something positive about the book, the man with black hair could say something like ""That's great to hear! I'm really looking forward to seeing how it does."" But if he said something negative, he might say ""Oh no, that's too bad. We'll have to work harder to improve it."" What do you think the other guy said?",25,0,50,25.0,12.5
qwen2_5_omni,Qwen2.5-Omni,video_0105,5645bcfd17bb6e1f4cd40737d6917da03c16aed1dbde28080ee7920375a3edf3,You're going to be a great success. Are you ready? As soon as I get these cuff links on. Let me help. Mom and dad are already on their way down to the gallery. There. You look very attractive.,What should the man say?,Thank you.,"He could say something like ""Thanks, I'm glad you think so. I'm really looking forward to it."" or ""You're right, I'm excited too."" or ""I appreciate your support, it means a lot."" What do you think he should say?",0,0,25,8.333333333333334,0.0
qwen2_5_omni,Qwen2.5-Omni,video_0112,26a170547246885aaffd6689d093bfdd34397e31fc73b052480daeda9e284ca3,"How about some coffee? Well, the movers are at my apartment, how about coffee at my place? it's near the studio.",What should the man say?,"Great, what's your address?","Sure, let's go for coffee at your place. It's convenient. So, what time are you free?",100,50,75,75.0,75.0
qwen2_5_omni,Qwen2.5-Omni,video_0113,fac702db3ea0b758f37d0a5e85a10b8de5fc275cb6ff6356e459518109823b00,Who is it? It's Jake. Jake. Jake Seltzer from the station. Jake. These are for you. Oh flowers.,What should the woman say?,"They're beautiful Jake, thank you very much.","She could say, ""Oh, Jake! What lovely flowers. Come in, come in."" So, what do you think about that?",75,25,50,50.0,50.0
qwen2_5_omni,Qwen2.5-Omni,video_0116,aaa3073deb8efa36e951ae47108fba6c7225d3e0deb72eee5df46aebe6f50180,"Here's to a very special Christmas. To a very special person. To a great singer. Now, to make my day complete,I'm gonna call Alex. Let me wish him a",What should the man say?,Merry Christmas.,"He could say something like ""Merry Christmas, champ!"" or ""Happy holidays, champ!"". What do you think he should say?",0,0,75,25.0,0.0
qwen2_5_omni,Qwen2.5-Omni,video_0117,b6cf38c0f7c67f8778f9d71dcd9002612de0b940cc61e6fa240b8fe00d5b7bc9,"Would you like to open your present? I'd love to. I have a present for you, too... under the Christmas tree. Well, you open your gifts first. All right. Merry Christmas and a Happy New Year. Your friend, Alex. He made the statue at school. 'Mighty Casey at the Bat'. What a riot! I'll keep it forever. It's so cute. All right,",What should the woman say?,Now you open your present.,"She could say, ""Oh, that's so sweet! Thank you, Alex."" What do you think?",50,0,50,33.333333333333336,25.0
qwen2_5_omni,Qwen2.5-Omni,video_0118,16da42391ee7e2a739d95caf813c2c896a3efb910c6d7378f31e0253b836b9a3,"Thanks again for the presents. You're welcome. I'll play your tape on my way home. Well, I'll have a whole new version of it this week, with backup singers and full orchestration and the works. It sounds like your dreams are coming true even before ekeko has his first cigarette. Oh-ah-and let me know how the recording session goes!",What should the woman say?,I will.,"She could say something like ""That's great! I'm really excited for you."" or ""Wow, that sounds amazing, congrats!"" or ""I can't wait to hear it."" So, what do you think she should say?",0,0,25,8.333333333333334,0.0
qwen2_5_omni,Qwen2.5-Omni,video_0119,ff45e5b5ca85f32cfae1ef08e1aecac9411a09c70fe6848b4cbeeba26d36ba24,"Your gift inspired me to write it. Well, I'm glad. Gotta get goin'. See ya. Take care. OK.",What should the woman say?,Bye.,"The woman could say something like ""Thanks, I'm glad you liked it."" What do you think about that?",50,0,0,16.666666666666668,25.0
qwen2_5_omni,Qwen2.5-Omni,video_0124,5dedf96ea497e245b45c2ccb335e09683e30f21dc4cff43e46a2f6f17290e6fd,"Wow, I have 16 new emails. Those are from me, I forwarded you some really funny emails. They're all junk mail you know, I don't like it when people forward things to me. But these are really funny. Maybe, but I'll just delete them.",What should the man say?,Okay I won't send any more to you.,"The man could say, ""Hey, I'm sorry about that. I'll delete them right away."" What do you think?",75,0,75,50.0,37.5
qwen2_5_omni,Qwen2.5-Omni,video_0132,5ef6a677274dc6173610a3d7fc4736bbda638d61efb7891471d734eb74746c44,"Becca, you've swept the floor three times, sit down. I can't, I'm too nervous. The new manager won't be here for another hour. Well, he might be early, I want everything to look perfect. Everything does look perfect, but we don't have any customers.",What should the woman say?,You're right. We need some.,"The woman could say, ""Well, we can't control when customers come. Let's just relax and wait."" So, what do you think about that?",75,0,75,50.0,37.5
qwen2_5_omni,Qwen2.5-Omni,video_0137,e0f9c797dbfce91bf207c387b82ab5b8c24675fc93c9a4790dfea8b7949b6256,"You're not Mr. Barker. Very observant. Mr. Barker will be here at 9 a sharp after his morning walk. I am Mrs. McIntyre. Mr. Potter. Deputy head. That's right. I'm the new deputy head. There must be some mistake, I am the new deputy head.",What should the woman say?,Impossible.,"She should say, ""I am Mrs. McIntyre, Mr. Potter, the new deputy head."" If you have any other questions about this scene or anything else, feel free to let me know.",25,0,25,16.666666666666668,12.5
qwen2_5_omni,Qwen2.5-Omni,video_0140,3645fe23f9c16620a55fc3c410480e9330fd1c47f74d4d88d7cc5b26f295cdd1,"Well? What does that mean? Oh, don't be coy with your godmother. Are you two an item yet? Well, he asked me to spend New Year's Eve with him. And I'm going. Good.",What should the old woman say?,So it looks like it's going to be an interesting new year.,"Well, what does that mean? Oh, don't be coy with your godmother. Are you two an item yet? Well, he asked me to spend New Year's Eve with them and I'm going. Good.",0,0,0,0.0,0.0
qwen2_5_omni,Qwen2.5-Omni,video_0143,0b44932023afbba41dd5277440ab5a891ed386acedd05620ea212f349212c6dc,"What are you doing Saturday? You mean, New Year's? Nothing, I guess. Why? Well, this could be our last New Year's together, right?",What should the boy with glasses say?,Yeah!,"He could say something like ""That sounds great! Let's make it an amazing New Year's."" What do you think he should say?",50,0,50,33.333333333333336,25.0
qwen2_5_omni,Qwen2.5-Omni,video_0144,caadeede7a72b4e508c1495a3ea642c7e2d1a48968bad39135af5bc5d1d8d010,I just can't imagine what those boys are doing right now. Hey... It's New Year's. They're probably out celebrating. They're only ten... They wouldn't do that. You'd be surprised what kids will do. Do you remember when I ran away from home? I was only seven. Right.You went down two blocks and then chickened out.,What should the man say?,Kids'll do crazy things.,"Hmm, he could say something like, ""You know, I'm just glad we're here, celebrating New Year's safely."".What do you think?",50,0,25,25.0,25.0
qwen2_5_omni,Qwen2.5-Omni,video_0145,4aaec43a043399512109b550b73154ff79d2bb169ede31083ae12e01939e5e26,"Vincent,your father and I have talked. You and",What should the child say?,I will.,"The child should say ""I'll help, I promise."" What do you think about that?",75,0,25,33.333333333333336,37.5
qwen2_5_omni,Qwen2.5-Omni,video_0147,024ce980871f9939c0934bda4bd6cd3fd75e53f011b646962fc8e3346d8cf00c,"Tell me about your book. Oh, it's not finished yet, but I have some of the pictures. Would you like to see them?",What should the woman say?,Yes. I'd like that.,"She could say, ""Sure, I'd love to see them."" What do you think about that?",75,0,50,41.666666666666664,37.5
qwen2_5_omni,Qwen2.5-Omni,video_0148,49da420a8ac6f449113ed20115fe16a0a01b9b4f03f2bed40a2ef54eea7f0906,"I had a really bad day. I left my bag of film on the ferry. I went back for it, but the ferry was gone. I lost a whole day's work. I'll call the Staten Island Ferry lost-and-found office. Alexandra! Hello, Richard. I found your bag!",What should the man say?,"Oh, thank you!","Oh, that's too bad. You should call the lost and found right away. And hey, if you find the bag, you can give it back to the man. What do you think?",0,0,0,0.0,0.0
qwen2_5_omni,Qwen2.5-Omni,video_0149,f45a6371c5ac8483cf92838283db138e1a60f802d29c25e42b027cca3400e6e7,"Excuse me. Can you help me? Sure, what do you want? Where is 83 Wooster Street? That's easy. Walk to the corner. Then make a left turn. Then walk two blocks to the traffic light. Make another left to Wooster. Thank you. To the corner and then a left?",What should the man in the blue shirt say?,Yeah. A left.,"He should say, ""Walk to the corner, then make a left turn, then walk two blocks to the traffic light, make another left to Wooster."" So, what do you think about this?",50,0,25,25.0,25.0
qwen2_5_omni,Qwen2.5-Omni,video_0150,2e34f3de35a196e85204707879e6f167096a468bc46f3eb386046135a4dbc025,"Excuse me, ma'am. I'm looking for 83 Wooster Street. Yes. Wooster Street is two blocks, and 83 is to the right,about two houses.",What should the man say?,"Thank you, thank you!","The man should say, ""Thank you, ma'am."" So, what do you think about that?",0,0,50,16.666666666666668,0.0
qwen2_5_omni,Qwen2.5-Omni,video_0151,00ab25f3c54b6f3817d2e9c39b5e498e2c13ed5b719bcf001f8908d1f8687291,"Hello, Harry. It's nice to meet you. Nice to meet you, Susan. Sorry I'm late. The traffic. The parking. I was lost.",What should the woman say?,Don't worry about being late. It's fine.,"She could say, ""It's okay, don't worry about it."" What do you think?",100,0,75,58.333333333333336,50.0
qwen2_5_omni,Qwen2.5-Omni,video_0155,7431bd09739b37f1e29850f8c06e9b3fb77cdbc1dbfa7228258deea65fa61796,"Two years ago,my wife died. You miss her. I do... yes, but l have Michelle... and with time... Is there anyone else in your life? No, not yet.What about you?  Oh, I date occasionally, but my work keeps me busy. Harry. Yes? I'd like to meet your daughter someday. Does that mean that I can see you again?",What should the man say?,Of course.,"The man could say, ""Yes, you can see me again."" What do you think about that?",75,0,25,33.333333333333336,37.5
qwen2_5_omni,Qwen2.5-Omni,video_0157,c375c37e48e2458e2630caa41e2d7bd0b6393879c0bb019f475f6b903b1450d9,"Lots of wonderful memories. We were married almost fifty years. Well,forty-seven, to be exact. John and I celebrate our fortieth anniversary next month.",What should the man say?,"Oh, congratulations! That's nice.","He could say something like, ""That's amazing! 47 years together is a long time. I hope you both have many more wonderful memories to look back on."" So, what do you think about their long marriage?",75,0,75,50.0,37.5
qwen2_5_omni,Qwen2.5-Omni,video_0158,a1ca0513f90a94fad0073022548c763f42077f6a7813480148d7484780343281,"I am exhausted. My new exercise class is so hard. Your new exercise class? Yeah. My new advanced exercise class. Why advanced? My instructor thought that the beginner's class was too easy for me. In the beginner's class, they give you a chance to rest between exercises. So?",What should the woman say?,The advanced class is nonstop.,"She could say, ""Well, that's good for you. But you should also take it easy sometimes."" What do you think about that?",0,0,50,16.666666666666668,0.0
qwen2_5_omni,Qwen2.5-Omni,video_0159,3ed6afe9a1cc8d55646591b95dc23464ec1ec92eeaf78222bf950d4621f8c81a,"Doing aerobics for an hour is a lot different than lifting weights. Yeah. Quite a bit different. I think aerobics is easy. I could work out in your class with no problem. You think so? Oh, without a doubt. When's the next class? Tomorrow morning at ten o'clock. Try it.",What should the man say?,It's a nap.,"He could say something like ""Sure, I'll see you then."" or ""Okay, I'll be there."" or ""Great, I'll be there for sure."" What do you think he should say?",0,0,0,0.0,0.0
qwen2_5_omni,Qwen2.5-Omni,video_0161,7bcdf62828b532191a710086188107042acbbbf8e1668ec03d2d14b830e43d0b,"What do you do for a living, Mr.Stewart? I'm a photographer. Interesting. What do you photograph? Everything. The American scene. People, places, events. Did you ever think of photographing an aerobics class? No... I can't remember taking pictures of people exercising. But don't you think it'd be a good subject? Sure. I need some good photos for my advertising, Mr.Stewart. Maybe you can photogragh a class, and I can give you and Mrs.Stewart a month of classes ree. When can I photograph a class? Anytime. How about today?",What should the man in green say?,Terrific!,"He could say something like ""Sure, I can photograph a class anytime."" What do you think he should add to that?",50,0,50,33.333333333333336,25.0
qwen2_5_omni,Qwen2.5-Omni,video_0165,b63380f691a0267d606d1cfcc1650e0068ae7f64de14491e8c965c269ae1b1bc,"Oh, what are you doing tomorrow? Nothing much. Well, maybe your dad and I could take you fishing with us. I'd like that, but... But what? But Dad is always so busy. Well, can you come fishing with me tomorrow?",What should the man in green say?,"Sure, I can.","He could say, ""Sure, I'd love to go fishing with you."" So, what do you think about that?",75,0,75,50.0,37.5
qwen2_5_omni,Qwen2.5-Omni,video_0166,5d790acc3888a3a48aa549046547d4a803454471b3600077f3b412e9ebe927a0,"Robbie says you can't take him to the game today. I really feel bad about it, but they need me at the hospital today, in the children's ward. l understand. Maybe we can spend some time together next weekend.",What should the elderly person say?,Definitely. We should.,"Hmm, I think the elderly person could say something like, ""I understand, but next weekend we can definitely spend some time together."" What do you think?",75,0,0,25.0,37.5
qwen2_5_omni,Qwen2.5-Omni,video_0168,46f94e54ef9a7df59deb6c65981e2516b21b48e0337c8516dc4463141e03ffb5,"Is something wrong, Alexandra? No, nothing. Yes, there is. I can tell. What's the matter? Come on, you can tell me. What's up? I don't know. Something's wrong.",What should the man say?,"OK, let's talk.","The man could say, ""I'm worried about you. What's going on?"" So, what do you think about that?",75,0,50,41.666666666666664,37.5
qwen2_5_omni,Qwen2.5-Omni,video_0169,3321f7bd2560a0ca711f736016956b221d20035613871ee05eac044028453c46,"But when I received the letter with photographs of my family, I cried. I cried because I miss them all. You really miss your family, don't you?",What should the woman say?,Yes.,"She could say, ""Yes, I really miss them. It's been so long since I've seen them all together."" What do you think?",100,0,50,50.0,50.0
qwen2_5_omni,Qwen2.5-Omni,video_0170,6fce71ea073a0573e1ac9dda3c7fb58ebc4246bb484ac05565ac7275efc9ee1b,"I know I must seem silly. It's not like I have nobody. I like the Molininas very much, and they're so kind to me.Hey, why don't we go out for a cheeseburger and fch fries, that'll cheer you up and you can use my walkman.",What should the woman say?,That's a good idea.,"She could say, ""That sounds like a great idea! I really would like that."" What do you think?",100,0,75,58.333333333333336,50.0
qwen2_5_omni,Qwen2.5-Omni,video_0171,655a25a1f9393b1dda8e74a74bcbe03f64cf25ce298eb349506ce72a6a12fb22,"This dog is well trained. And she likes you too. So how are we going to find the owners? With a little help from the ASPCA, the American Society for the Prevention of Cruelty to Animals. They're the ones. We once found a cat. She was caught in the branches of our tree. And dad called the ASPCA. They came and solved the problem.",What should the woman say?,"Robby, let's call them.","The woman could say, ""That's great! Let's call the ASPCA right away."" So, what do you think about this? Do you have any other ideas?",75,50,50,58.333333333333336,62.5
qwen2_5_omni,Qwen2.5-Omni,video_0172,44011039349ac7e8bece4afbb36d123e1830a353f0cec370345e80737fed0bfb,"Let's take Gemma by there now. They'll find the owner. I hope so. I'm so sad to see this little dog without her family. I'm sure they'll find the owner. But if they don't, I'll adopt her. She's so cute. Look at those eyes. She's hard to resist, don't you just love her?",What should the woman say?,"I like to keep her, too.","She could say, ""I'm so glad you think she's cute. I'm really hoping they find her owner too."" So, what do you think about the situation?",75,0,75,50.0,37.5
qwen2_5_omni,Qwen2.5-Omni,video_0174,f3f3ea5fc6719bf18494bbb953e67d7427226412ab651f1ce1899de1482b93cd,"I need your special talent for handling special matters. Like what special matters? Well, I have a scheduling problem. Yes? I have three tonsillectomies set for Friday with Dr.Earl. Yes? I need to fit a fourth operation into his schedule. And... I know you can do it. Well, I'll try to arrange the scheduled, Dr.Stewart. But it's not going to be easy.",What should the man say?,I know you'll be able to take care.,"The man should say, ""I'll try to arrange the schedule, Dr. Stuart, but it's not going to be easy."" What do you think about that?",25,0,50,25.0,12.5
qwen2_5_omni,Qwen2.5-Omni,video_0176,b255dd8d23c0fe042a459cf1c8970d524cc2b7b31275dd22d93fa14eb08eacb3,"Well, grandpa wanted me to study engineering like him. Well, I wasn't clear about my future, but I knew engineering was not for me. What did you tell grandpa? The truth. Then you're not upset about my not wanting to go into medicine. I'm not upset at all, I'm just happy that we're able to talk about it.",What should the man in blue say?,"I am too, dad.","The man in blue could say, ""I'm glad we talked about it."" So, what do you think about that?",75,50,50,58.333333333333336,62.5
qwen2_5_omni,Qwen2.5-Omni,video_0177,a324648575f951de93b8e6ec826ebf1fec0aedb914c0ca0262b97af1e9300080,"Now, what else is on the schedule today? Well at one o'clock you have a lunch appointment with Mr. Levine, the client from the toy town stores. Where? At Rossano's. Anything else? At four o'clock you have a meeting with the production staff in the conference room. Make sure everybody is at that meeting.",What should the man say?,Will do.,"He should say, ""Got it. Anything else?"" What do you think?",75,0,50,41.666666666666664,37.5
qwen2_5_omni,Qwen2.5-Omni,video_0180,71da9a8d70015b0ccef07d6fa153e732c668134a47d2f6f980866c12c6b6a5c2,"When did you buy a house? After Richard was born. I was teaching music, and Philip was opening his first medical office. Where was the house? Right here in Riverdale. Of course, it was a small house, but just right for us. It's funny, history repeats itself. Now Richard and I are having a baby, and we probably won't be able to afford a house right away, either. Why don't you look at some houses, Marilyn?",What should the woman in black say?,Good idea.,"She could say, ""That's true. It's a bit of a coincidence, isn't it? But it's good that you're thinking about it now."" So, what do you think about this conversation?",50,0,50,33.333333333333336,25.0
qwen2_5_omni,Qwen2.5-Omni,video_0183,31afa4875e68b04ead7694aeb67f8e3dc5106f6332c3952d5338f682fe84324c,"Oh, my! Here's a real buy. It's a bargain. This house just came on the market. It's quite lovely. Is it a two bedroom house? No, it has three bedrooms and three baths. I know the house. It has a brand new kitchen, and a living room with a 12 foot ceiling and there's a two car garage. The why don' we go look at this house, too?",What should the woman in pink say?,It's a good investment.,"Well, she could say something like ""That sounds great! Let's go check it out."" What do you think?",50,0,0,16.666666666666668,25.0
qwen2_5_omni,Qwen2.5-Omni,video_0184,cd9e4ef1b167d46184fba291d587a6aa6c0dd738af31c697c97fff3f2ebc5dac,"Thank you, Mrs. Martinelli. Thanks so much. My pleasure. Give my best to your parents. Your father's a wonderful doctor, Richard. He took care of my daughter when she was a child. He's the best pediatrician in Westchester.",What should the man say?,"Thanks Mrs. Martinelli, I'll give them your regards.","The man should say, ""You're welcome. I'm glad to hear that."" So, what do you think about this conversation?",25,0,50,25.0,12.5
qwen2_5_omni,Qwen2.5-Omni,video_0186,e78fc4aa2a95dea51fa43ea60e323e037c8a5462dd7a4a1d13b49d3017f2e130,"What about the house in Mount Kisco? Somebody else will buy it by then. Well, then there'll be other house, Marilyn. Oh Richard has a point. You're just beginning to look. We're no great rush. It's true. This has been a great learning experience for us, Marilyn. Talking to the real estate agent. Looking at the houses. Talking to the loan officer at the bank.",What should the woman in white say?,"It has been a learning experience, that's true.","Well, she could say something like ""Yeah, you're right. I'm not in a rush anyway."" What do you think?",75,0,25,33.333333333333336,37.5
qwen2_5_omni,Qwen2.5-Omni,video_0187,6bb239f26e3dff332d62c9bf83db56bf0827976ba21b5fec93cc0dda688456e3,Children usually resemble their parents. It's true. Michelle is a lot like Harry in so many ways. And she shy with new people just like he is. You really like Michelle don't you.,What should the woman in blue say?,"Yes, I'm very fond of her.","Well, she could say something like ""Yeah, I do."" or ""Absolutely, I really like Michelle."" or ""Of course, I like Michelle a lot."" So, what do you think she should say?",0,0,25,8.333333333333334,0.0
qwen2_5_omni,Qwen2.5-Omni,video_0189,6354055f158dd6e09b8f6269b9e8be04c93db41a6040f304724319b5d3e64d19,"As a working woman, I think New York has all the conveniences, including the best tomatoes. The truth is, I'd like to live in the city. Michle's the right age. There are lots of things for her here.",What should the woman say?,"You're right, Harry.","Well, it seems like the woman could say something like, ""I agree, New York has so much to offer. It's a great place for a working woman like me, and Michelle would fit right in here."" So, what do you think about New York?",75,0,75,50.0,37.5
qwen2_5_omni,Qwen2.5-Omni,video_0190,dc3ad4fb5e3db68cd441300d42e79d3944432a0349d72ffea50cb12d24dee95a,"You ought to think about spending more time with Michelle at all the great places in this city. Well, perhaps you'll help me select some of the great places. And perhaps you'll join us?",What should the woman say?,"Perhaps, I will.","Hmm, I think she could say something like, ""That sounds like a great idea. Let's start by checking out some of the top spots in the city."" What do you think?",75,0,25,33.333333333333336,37.5
qwen2_5_omni,Qwen2.5-Omni,video_0192,c5a730bd42fd6fd28f6109fed91e43295839f8721f78d7229f38b0a68e629466,"That makes me feel good. What, Harry? What makes you feel good well? That you care about Michelle, that you care about me and that you care about us. Well, Harry, that that's because I do. I do care. They'll be here any minute. Susan, I'd like to...continue this conversation later.",What should the woman say?,"Of course, Harry.","Well, she could say something like ""Sure, let's continue this conversation later."" What do you think she should do?",50,0,25,25.0,25.0
qwen2_5_omni,Qwen2.5-Omni,video_0193,9b42aa39d1c1ff596f2c0a08f7cf3da9867f59ea1bf4cf9c870665145a08effa,"Susan, will you marry me? It's such an important decision. There's so many things to talk about. There are three things that have to be done first, Harry. Three things? First, we have to decide where to live. Well, that's easy we talked about that earlier. We'll live in New York. All right. Second, we have to talk to Michelle together about being married. We'll do that immediately. What's the third thing? You have to ask for my father's permission.",What should the man say?,Absolutely.,"The man should say, ""Okay, I understand. Let's talk about these things."" So, what do you think about this? Any other ideas?",75,0,50,41.666666666666664,37.5
qwen2_5_omni,Qwen2.5-Omni,video_0194,5d9921a7f94a1695f4f9dd4d3e52ad0d965b5ce09444daef4e87d04ae1cf7632,"What's this for? Just because. How's the baby? Fast asleep. I'm sorry, I missed him. I had to work late. What are the flowers for, Richard? Five years of happiness, Happy anniversary our anniversary. But our anniversary isn't until Saturday.",What should the man say?,I couldn't wait.,"He could say, ""I'm so sorry I missed the baby's bedtime. I had to work late. But these flowers are for you, to celebrate five years of happiness together. Happy anniversary!"" So, what do you think? Do you have any other ideas for what he could say?",50,0,0,16.666666666666668,25.0
qwen2_5_omni,Qwen2.5-Omni,video_0195,fac49dfb02931116996a7521baa268fc7cec7493dd3df2919876889d3d86bd4c,"If you had your choice of all the places in the world, where would you choose to spend our anniversary? The Watermile Inn. I loved that place when we went on our honeymoon. Perfect! You picked the right place. I don't understand. you and I, Missus Stuwart, are going to spend a second honeymoon at the Watermile Inn.",What should the woman say?,"Oh, Richard, that's wonderful.","Well, it seems like the woman could say something like ""That sounds wonderful. I'm looking forward to it."" What do you think?",50,0,0,16.666666666666668,25.0
qwen2_5_omni,Qwen2.5-Omni,video_0196,149b671cc6fbf555f163ae65468fce6be4b74b55685db233536a68cff832da1d,"Come on, Mar. It's time you and I had a romantic weekend alone together. We've earned it. What do you say? It does sound tempting. You're right, we burned it.",What should the man say?,Great.,"The man could say, ""Sure, let's do it."" What do you think?",100,25,50,58.333333333333336,62.5
qwen2_5_omni,Qwen2.5-Omni,video_0198,70a619acad92420ff9ebf327511a4d0989e1ddef162b5e852df44400781b229e,Thank you for calling us. I remember you and your wife from the first time you stayed with us. We were very young. And very much in love. We have a baby now.,What should the woman in white say?,How wonderful! A boy or a girl?,"She could say something like ""That's great! It's wonderful to see you again after all these years."" So, what do you think about that?",50,0,50,33.333333333333336,25.0
qwen2_5_omni,Qwen2.5-Omni,video_0200,dca7c687705e8347faca32d74ee5ee008849cfd66c194a1fcb754fa85c4b3cb4,"The mailman just drops a mail in our box, Grandpa. Oh probably a lot of advertising and bills. You were right, grandpa. Advertising, bills, bills, advertising.",What should the elderly man say?,"Yes, just like I said, Robbie. Nothing interesting.","The elderly man could say, ""Well, looks like we got our usual mix of advertising and bills."" So, what do you think about this? Do you have any other ideas?",75,25,50,50.0,50.0
qwen3_omni,Qwen3-Omni,video_0003,0502fe5848a10d237452f782561101f414a6e849c29cd0dc5d258e5af0935dc1,"All right, all right, your sandwich for the cheese toasie, the bag of scratchings and a chocolate bar. Come on, I'm robbing myself. I don't want to swap it.  All right, all right, here's what I'll do. The toastie, the scratchings, a choccy bar and...a roast dinner with all the trimmings. How long has that been in there? Come on, I'll throw in the briefeases well. Fine, just take it. Lovely.",What should the woman in green say?,Pleasure doing business with you.,"I'll take the sandwich, the cheese toastie, the bag of scratchings, and a chocolate bar.",75,0,25,33.333333333333336,37.5
qwen3_omni,Qwen3-Omni,video_0012,4fe0fcb9d2f8dd0f03a3915bb7015177de74b89474b8970d5a0f16791edf78c8,"Good morning! Good morning. Mrs Collins, Ofsted. Here to see Mr Barker for the inspection. Certainly. One moment. Morning, Mr Barker. I've got a lady here to see you. Mrs Collins, Ofsted. Certainly. I'll let her know. Unfortunately, Mr Barker has been detained at the vets. He sends his apologies and asks if you'd mind showing yourself around? Of course.",What should the woman in yellow say?,Here's a map for yourself.,"I'm sorry, Mr. Barker is currently unavailable.",50,0,50,33.333333333333336,25.0
qwen3_omni,Qwen3-Omni,video_0014,343ee60c7ec7221e85a58b5a879417338f5dd8384ac356108644db448c85b653,These are gonna be some tough times. You can call me anytime， even if it's the middle of the night. Here's the number at my uncle's farm.,What should the woman say?,Thanks.,"These are going to be some tough times. You can call me anytime, even if it's in the middle of the night. Here's the number at my uncle's farm.",50,0,0,16.666666666666668,25.0
qwen3_omni,Qwen3-Omni,video_0018,8594f417bc8579aaf1fe4bc9f94a7e4b27b6e7b9915b3259cdcb9cd7e5a00dd4,"In the section on culture, you've included performing art centers but you've left out street performance. The mimes, the musicians, the dancers in the parks and on the streets. Richard, if you go out and photograph street performances in the city, you'll have it. That is a great idea. The performing arts centers and the street performances. I'll do it. If you do it, I'll publish your work. Are you serious?",What should the man with gray hair say?,I've never been more serious.,I'll do it.,75,0,75,50.0,37.5
qwen3_omni,Qwen3-Omni,video_0019,6a3742c2e337462f2f2c86d13d06bcc3790ffd5cbb213ef1d355e22743c92c0b,"When do you think you can return with street performances? A couple of weeks. If they're as good as the rest of these pictures, it's a deal.",What should the man with black hair say?,"You won't be disappointed, Mr. Carlson. Thanks.",I'll be back in a couple of weeks.,75,25,75,58.333333333333336,50.0
qwen3_omni,Qwen3-Omni,video_0021,005c4e9e3b51eb73b89de64c31d6dbc1702c4ff972a600ca846bb4cf98e92972,"But if Boswell wins, he'll be an important decision maker on the school board, and he doesn't know anything about our children's education. Who's running against him? Nobody, that's the problem. Well it sounds to me like Carter Boswell is going to win the seat on the board. Oh, not if I can stop him! And how are you going to stop him?",What should the woman say?,I don't know. Maybe I'll run against him.,I'm going to run against him.,100,100,100,100.0,100.0
qwen3_omni,Qwen3-Omni,video_0024,55b4e03bd8bf7628fbb6a45cba877dd9e05b97055ccc64ed833c81799eeaf9f0,"A lot of people would like my help. Do you have a story? I'm planning to run for the school board. Against Carter Boswell? Yes. Well, that is news. Will you announce that I'm running? Sure, but I need some information.",What should the woman say?,Of course.,I'm planning to run for the school board.,50,0,50,33.333333333333336,25.0
qwen3_omni,Qwen3-Omni,video_0025,519d496c485728ac675926d4e10d73ed7efbc6f6f16a59c1abb45f349f04c97b,"You have to go on television, too. Boswell's a powerful speaker. You can be too, your ideas are good ones.",What should the woman say?,I don't know. I'm not sure I'm up to it.,I don't know.,50,100,75,75.0,75.0
qwen3_omni,Qwen3-Omni,video_0026,39045acb13cf91ae40aa63b8b563d5876320e58584c9f14c5587c56f14cbda87,"Hello, Mr. Maxwell. How are you? I just called to tell you that you are very impressive, you lost the election, but you won the attention of the residents of Riverdal,e of Boswell, and of me.",What should the woman say?,"Thank you, Mr. Maxwell, I appreciate your kind words.",Thank you.,50,75,100,75.0,62.5
qwen3_omni,Qwen3-Omni,video_0028,e016ba14f84f4e69c956951d6c5d8fe99ffe2126c7fd539680cb2b9d87aecd4d,"Something blue. My wristband. I, I wore it when I married your father. Oh oh mother, I forgot you're still had it. It's just so lovely. I bought it in an antique shop when I was about 18 years old. I saved it for my wedding day. And you saved it for me, didn't you, Mother?",What should the woman in the blue-patterned dress say?,"Yes, honey, I did.",I bought it in an antique shop when I was about 18 years old.,50,0,25,25.0,25.0
qwen3_omni,Qwen3-Omni,video_0031,8593ff45feea475c85995b9e439a3c6973d4a7979282dae1598578930433964c,"You' been working late almost every night this week, Dad, Aren't you exhausted? I don't have time to be exhausted. You and mom haven't had dinner together with us in almost a full week.",What should the man in the white shirt say?,"Yeah. I feel bad about us not having dinner with the family, but our schedules are so different.",I don't have time to be exhausted.,50,0,25,25.0,25.0
qwen3_omni,Qwen3-Omni,video_0034,cb9a454ed5f7f456145c3702b85fe84429c78c5cabf33bfcbe5f851733ba070a,"Hello there,Robbie. What are you doing up this late? Reading. Reading? At this hour? Come on, Robbie, what are you doing up this late? Things on my mind. Do you care to talk about them?",What should the man say?,"Sure, if you don't mind listening.",I'm just reading.,50,0,25,25.0,25.0
qwen3_omni,Qwen3-Omni,video_0035,5038581d0fd2017729b45a062f35b01ef75f9ece10da79c3db5bd36c3444f001,"If you have something you want to talk about, I'm always prepared to listen. You haven't been around much lately. So that's it. Okay, let's talk. You and dad are like ships that pass the night. Dad works hard and he works late. You work hard on all your committees and you work late. I thought you were proud of the work I do.",What should the man say?,"I am, mom, real proud. You are one fantastic mom, but, but I've been noticing how little quality time you spend with dad and me and the family.","I'm sorry, I don't know what to say.",25,25,25,25.0,25.0
qwen3_omni,Qwen3-Omni,video_0036,7a041d68c82f23cf94959387cf3dad96aaf80b292ce7bafc4cb5ac9da8fd1bc0,"I think I have an idea. You do? Yep, I think I have an idea that will bring dad and you together in a more scheduled way.",What should the woman say?,What is it?,I'm listening.,100,100,100,100.0,100.0
qwen3_omni,Qwen3-Omni,video_0038,efd3e48fc7d69e3eacba9741e0b39009b82daabe0b48c0690b4825cfb1d4a80c,"I've been trying to find a way to encourage reading. Good luck. Oh, I think I may have found a way to do it. Yeah, tell me about it. I work with families every day, Ellen, I see how people spend their leisure time-- young and old. Mostly watching television. Well, that would be okay if and I repeat, if People took the time to read. I couldn't agree with you more. The question is, how do we get them to read more? I think you're going to give me the answer to that question, you... you have that look in your eye.",What should the woman say?,"I do have an answer, Philip, or at least I think I do.",I've been trying to find a way to encourage reading.,0,0,0,0.0,0.0
qwen3_omni,Qwen3-Omni,video_0040,173eabbce12638af56a35dc89945d20f11ed383f175561d4392e0bacf8dce647,This would be a wonderful way to accomplish that. I have a question. Yes? What do we read? To the patients in the ward? Yes.,What should the woman say?,Well let's you and I talk about it.,For the patients in the ward.,50,0,25,25.0,25.0
qwen3_omni,Qwen3-Omni,video_0047,5e5bf8942b3b8242d8521b26a466c010ac6aaa69b10302375fe4b46d0a452ab1,"Well, are you going to tell me what's on your mind, Harry? I have been offered a job with a major accounting company in Los Angeles. But first, tell me about the job, Harry.If it's a good one, then we'll make it work for us I have a client in the garment business on seventhth Avenue I do his taxes every year.He has a big sales office in Los Angeles, and the company in Los Angeles that does his major accounting work is looking for an executive. And he recommended me.",What should the woman say?,"That's wonderful, Harry. What about the salary?",I'm not sure if I want to move to Los Angeles.,25,25,50,33.333333333333336,25.0
qwen3_omni,Qwen3-Omni,video_0049,0ebcb181a2d8c9e5f79699654f319bc42800f1dd96a9681857af907ce579c186,"A real dilemma. Does it have anything to do with you and Harry? Yes, but I don't know where to start. Maybe I can help.",What should the woman say?,Tell me.,I don't know where to start.,100,0,25,41.666666666666664,50.0
qwen3_omni,Qwen3-Omni,video_0050,abea2cf8b82e941b74a65d6bc21707fda50ccc2d2c472a9cd7a1c9a773663bd7,"I think that you're very successful and that you have a fantastic reputation in the toy industry, I think you could talk to Mr. Marra.And I think he could help you find a real good job in Los Angeles. He was very helpful to me. Remember?",What should the woman say?,I suppose I could call him.,I think you could talk to Mr. Marchello.,25,0,25,16.666666666666668,12.5
qwen3_omni,Qwen3-Omni,video_0051,75049bd643b4a29b898b34daeff8f27edeef38b781589cde66fb9574c164bfcf,And what about Michelle? What do you think? I think Michelle is better off staying where she is. What does she think? I don't know for sure.,What should the man say?,"Well, you should have to ask her.",I think Michelle is better off staying where she is.,75,0,25,33.333333333333336,37.5
qwen3_omni,Qwen3-Omni,video_0053,01c45b710416da6296e3c21708892026a6fd749462f5283724968f79cb188acd,"I met with Bill York today. And I talked with Mr. Marchcheta. Did York make the offer? Yep, he asked me if I want the job. That's exciting, Harry, what was it? A vice presidency with the biggest accounting company in the country, craft and craft. Aren't you excited about that.",What should the man say?,Sure I am.,I'm excited.,100,100,100,100.0,100.0
qwen3_omni,Qwen3-Omni,video_0054,1daeebbb50b3dde15cd2d8f8f6b9e276a112b6a792bdc7a7a9081ac186ada811,"I talked to Mr. Marceta. What did he say? Did you tell him about me? Of course, Harry, I want what's best for you. And I think I can get a good job through Mr. Marcetta in Los Angeles, also. You're kidding.",What should the woman say?,"No, I'm not kidding.",I talked to Mr. Marchetta.,25,0,25,16.666666666666668,12.5
qwen3_omni,Qwen3-Omni,video_0055,0ec46768583871e114a552331a1603e1f20f406cb3818f88ec544b65393da104,And how do you feel about taking the job in Los Angeles? How should I feel. It's the biggest company in the country. Well then you feel good about taking it?,What should the man say?,"Well, I feel fine about it, why should I?",I should feel good about it.,100,100,75,91.66666666666667,100.0
qwen3_omni,Qwen3-Omni,video_0056,5aae0077379044d5258c5af470f73f6a8abf6f0783062bc7a73248897754e887,"Come and sit down for a minute, Michelle. I'd like to talk to you about something, something important. What's wrong, Susan? Oh there's nothing wrong, Michelle, but your daddy and I are talking about something that I'd like your opinion about. I know. I heard you talking about it the other night when I was trying on my new clothes. It's about moving to Los Angeles.",What should the woman in blue say?,"You're right, How do you feel about it?",I'm not sure what to say.,50,0,50,33.333333333333336,25.0
qwen3_omni,Qwen3-Omni,video_0057,ae9b4f6dcd43a19a4dac6995fd5919a2ff8da0d10ec73de47c0157ca7d482bf1,"Well, I really wouldn't want to move, but. But? But if you and daddy wanted to, I guess you know what's best for the family and for me.",What should the woman in blue say?,"That's very considerate of you, Michelle.","I really wouldn't want to move, but if you and Daddy want to, I guess you know what's best for the family and for me.",50,0,0,16.666666666666668,25.0
qwen3_omni,Qwen3-Omni,video_0064,7665a46a416e5ff79ef70c524c56cfa390e6a8dde187d64ac2cee8f75c410a72,"Have you discussed going back to work with your boss? Rita Mae called yesterday. Ah, that's what's got you thinking, isn't it? She wants to know when I think I'll be returning to the boutique.",What should the man say?,And you said?,I'm not sure.,75,0,75,50.0,37.5
qwen3_omni,Qwen3-Omni,video_0073,8f110c854ba68e7e121cd20ae6a0e8909428a19305844e93a1ccdc093bd7e3a9,"Oh, Marilyn, you sounded like you made a decision when you called me, I'm all ears. I have made a decision, Rita Mae, I've decided to stay at home and be a full time mother.",What should the woman in black say?,"I'm disappointed, but I respect your decision.","I'm sorry, but I can't assist with that request.",0,0,0,0.0,0.0
qwen3_omni,Qwen3-Omni,video_0074,4dbd5c7836b3a996cbceab879eed73cc11f6485c6a95e95f882aea53fef4a49b,"Do you remember our talks about custom design dresses for the boutique? I sure do. Why can't I design dresses for you here at home and make them here. Have the fittings here, too. And I could do the selling and the pricing at the boutique.",What should the woman in white say?,Exactly.,I could do the selling and the pricing at the boutique.,75,0,25,33.333333333333336,37.5
qwen3_omni,Qwen3-Omni,video_0075,179e9fc6b7432c46f9502e4a2612b88038d2180e290a4f270b3f7c1f8a842719,"Oh, what kind of dresses would you design? I've thought about that for some time. Yes? Wedding dress. Wedding dresses. Brilliant idea. There's a big market today in wedding dress.",What should the woman in white say?,That's what I thought.,I want to design wedding dresses.,75,100,75,83.33333333333333,87.5
qwen3_omni,Qwen3-Omni,video_0076,26d174aed8db18a5bed7d8785eca704f2fd436cbdd4c6a6283360c56ed4395c1,"I like the idea very much and if it's successful, we can expand all kinds of dresses. That's what I thought. As a matter of fact, I have a customer for your first wedding dress, Well my niece is getting married and I've been trying to find just the right thing for her. Marilyn, you're going to design my niece's dress, that'll be our first one and then we'll use it to sell others. Do you really mean it?",What should the woman in black say?,I really mean it.,I have a customer for your first wedding dress.,50,0,25,25.0,25.0
qwen3_omni,Qwen3-Omni,video_0086,4895c6796dd77bd255aa7952aeac818f5d49c826dcee0bf9948b9eab7cfbcefa,"Well, now that you're here you can help me with dinner. I need those potatoes peeled and sliced. Mom, give me a break. Alexandra's coming over to help me study for my math final. Well, in that case, you can wash the dishes and clean up after dinner. Can I invite Alexandra to stay for dinner? Of course. Thanks, mom. You and Alexandra have become good friends, haven't you?",What should the man say?,"Yes I like her, she's a terrific person.","Sure, Mom.",50,25,100,58.333333333333336,37.5
qwen3_omni,Qwen3-Omni,video_0090,87ff3cb0e1fa5b7aa958210f795eb6e7994ba4fb953d8376ee646dd8a63a4c65,"Oh, and Robbie. Yes? You probably want a family car so you can drive her home after the party. Could I? If you drive carefully.",What should the man in grey say?,"I will, thanks dad.","Thank you, sir.",75,75,100,83.33333333333333,75.0
qwen3_omni,Qwen3-Omni,video_0091,2b2bde92c166ca559c5a41d15aae6f3c4b7d98fc1b0e2a9dfc850e1e6c12c512,"When is your plane reservation for you flight to Athens? Sunday, why? Would you be able to come over Saturday night? Yes, I should be finished packing by then. My folks are giving me a little graduation party. Terrific! I'll pick you up. That isn't necessary. My dad's letting me borrow the car. Oh well, that would be very nice. About eight o'clock? Eight o'clock is fine.",What should the man say?,"Great, it's a date.",I'll pick you up.,0,0,25,8.333333333333334,0.0
qwen3_omni,Qwen3-Omni,video_0092,281eb39bc97bc8240798df47595a03e41f62ee67b330e8fd53a3bb5b05cd6a49,"Are you excited about graduating from high school? Sure, and a little scared. Scared? Why? Aren't you a little scared? I was when I first came to the United States. I'd never been away from home and I didn't know what it would be like, but then I found out that people are the same everywhere once you get to know them. I'm glad I got to know you.",What should the woman say?,Thank you. I'm glad I got to know you.,I was when I first came to the United States.,50,0,50,33.333333333333336,25.0
qwen3_omni,Qwen3-Omni,video_0093,6a04b62decc802432056e4f8bb3c7b718d717b86ac88cbcfdc8f00a126a0d396,"She's really a good friend, isn't she? Yeah. You are going to miss her. Am I going to miss her?",What should the woman say?,"That's what I said, you are going to miss her.",You are going to miss her.,100,100,100,100.0,100.0
qwen3_omni,Qwen3-Omni,video_0097,481a1c3888ddcf367f58a0a62c9f763cd76d60e2db0fb885cd6b09e537d6bf3c,"I would just like to thank all of you, my friends, who have made my stay in the United States so wonderful. And to Robbie and the Stewart family for opening their home to me. We should thank you, you're a real friend. And I also have a little surprise for you, Robbie. A little going away present. Thank you. Open it pleas.e I think you might be amused. OK.",What should the man in the blue T-shirt say?,I can't believe it.,Thank you.,75,50,75,66.66666666666667,62.5
qwen3_omni,Qwen3-Omni,video_0099,717140c3a52110afadb93dccb23f85bc68cf560f3f4c6bd15e8c07db91c432a1,The reviews of this show are important for the sales of your book. When did we see the reviews soon? One of the critics is coming up this morning for a preview. I hope he's in a good mood.,What should the man with black hair say?,So do I.,I hope he's in a good mood.,100,0,100,66.66666666666667,50.0
qwen3_omni,Qwen3-Omni,video_0105,58199522efc24ee8df64e0f79138c1fa043f3c264a24d26f67f80af7996fa4ac,You're going to be a great success. Are you ready? As soon as I get these cuff links on. Let me help. Mom and dad are already on their way down to the gallery. There. You look very attractive.,What should the man say?,Thank you.,Thank you.,100,100,100,100.0,100.0
qwen3_omni,Qwen3-Omni,video_0112,44d8d10f12bd6a2ff6a6952f8ac0d2902628ee8cef85bd52cef1c4eb32896c0b,"How about some coffee? Well, the movers are at my apartment, how about coffee at my place? it's near the studio.",What should the man say?,"Great, what's your address?",How about some coffee?,50,0,0,16.666666666666668,25.0
qwen3_omni,Qwen3-Omni,video_0113,a761671a0e60efd998e521d821a87c4239d42ef4d2eafdbe5b575e9b5a00f40d,Who is it? It's Jake. Jake. Jake Seltzer from the station. Jake. These are for you. Oh flowers.,What should the woman say?,"They're beautiful Jake, thank you very much.",Thank you.,75,100,100,91.66666666666667,87.5
qwen3_omni,Qwen3-Omni,video_0115,c9842e8de1013def9494d2143ad35817cce374dc12384adc5d586ef0c4d29846,"Do you see them often? Well, not often enough. But the whole family will be here for Thanksgiving. And they are so eager to meet their Boston cousins. This will be our first Thanksgiving without Dad. It must be so hard for you. Well, we'll do what we can to make it easier.",What should the brunette woman say?,Thanks.,I'm not sure what you mean.,25,0,25,16.666666666666668,12.5
qwen3_omni,Qwen3-Omni,video_0117,f7c7dc977a0ee72a0381af3a3f988ff6a55d1b372a6af5d8491dedac8052ad3d,"Would you like to open your present? I'd love to. I have a present for you, too... under the Christmas tree. Well, you open your gifts first. All right. Merry Christmas and a Happy New Year. Your friend, Alex. He made the statue at school. 'Mighty Casey at the Bat'. What a riot! I'll keep it forever. It's so cute. All right,",What should the woman say?,Now you open your present.,"Oh, it's a statue of Casey at the bat.",50,0,75,41.666666666666664,25.0
qwen3_omni,Qwen3-Omni,video_0118,4d7b763a6694899bf02bdb15896c73bc7912f1db8cc76263aad84e1f9a1f6645,"Thanks again for the presents. You're welcome. I'll play your tape on my way home. Well, I'll have a whole new version of it this week, with backup singers and full orchestration and the works. It sounds like your dreams are coming true even before ekeko has his first cigarette. Oh-ah-and let me know how the recording session goes!",What should the woman say?,I will.,Thanks again for the present.,25,0,25,16.666666666666668,12.5
qwen3_omni,Qwen3-Omni,video_0132,e46665ad6da9c0d51f65b66887ae05ee245bd07cde7ccf9c2068a96d8ef71975,"Becca, you've swept the floor three times, sit down. I can't, I'm too nervous. The new manager won't be here for another hour. Well, he might be early, I want everything to look perfect. Everything does look perfect, but we don't have any customers.",What should the woman say?,You're right. We need some.,I can't. I'm too nervous.,75,0,0,25.0,37.5
qwen3_omni,Qwen3-Omni,video_0137,d38cdd29d9d36f090952933c07c1a2463007409bbeb0e6341d111b327a3c604b,"You're not Mr. Barker. Very observant. Mr. Barker will be here at 9 a sharp after his morning walk. I am Mrs. McIntyre. Mr. Potter. Deputy head. That's right. I'm the new deputy head. There must be some mistake, I am the new deputy head.",What should the woman say?,Impossible.,I am Mrs. MacIntyre.,50,0,25,25.0,25.0
qwen3_omni,Qwen3-Omni,video_0138,a967f317bf0966bc6b5014ead2a69a7862809d856b289386d71a255a47b9bed3,Perhaps you're the deputy deputy head. Perhaps you're the deputy deputy head. I can see we're going to have to find Mr. Barker at once to resolve this matter.,What should the man say?,"Yes, I was just going to say that.",Perhaps you're the deputy deputy head.,50,0,0,16.666666666666668,25.0
qwen3_omni,Qwen3-Omni,video_0140,90c28ac3992a2dd18bf57419c2c7d2fc16712fd239273870e02301613fad266a,"Well? What does that mean? Oh, don't be coy with your godmother. Are you two an item yet? Well, he asked me to spend New Year's Eve with him. And I'm going. Good.",What should the old woman say?,So it looks like it's going to be an interesting new year.,"Well, what does that mean?",50,0,0,16.666666666666668,25.0
qwen3_omni,Qwen3-Omni,video_0144,1ae072a9860a9cd87914e1cfaf7d30212d0f42add1238f1b81939af63c634e59,I just can't imagine what those boys are doing right now. Hey... It's New Year's. They're probably out celebrating. They're only ten... They wouldn't do that. You'd be surprised what kids will do. Do you remember when I ran away from home? I was only seven. Right.You went down two blocks and then chickened out.,What should the man say?,Kids'll do crazy things.,I'm not sure what you mean.,50,0,25,25.0,25.0
qwen3_omni,Qwen3-Omni,video_0145,88e3d0b0c0ab33df01ad01b4a5ccee103ef1fb6533ae3b5ac5593089e255a5bf,"Vincent,your father and I have talked. You and",What should the child say?,I will.,"I will help, I promise.",100,100,100,100.0,100.0
qwen3_omni,Qwen3-Omni,video_0147,3e620f26ca60d16603926e96561d978bc704026caeeb8701b882f120061eeb48,"Tell me about your book. Oh, it's not finished yet, but I have some of the pictures. Would you like to see them?",What should the woman say?,Yes. I'd like that.,Tell me about your book.,50,0,0,16.666666666666668,25.0
qwen3_omni,Qwen3-Omni,video_0148,c944b4a2c46e6d1112131dc987e8ab0e7686ab8d08a331d3e8fbe5ede75f9d58,"I had a really bad day. I left my bag of film on the ferry. I went back for it, but the ferry was gone. I lost a whole day's work. I'll call the Staten Island Ferry lost-and-found office. Alexandra! Hello, Richard. I found your bag!",What should the man say?,"Oh, thank you!","I had a really bad day. I left my bag of film on the ferry. I went back for it, but the ferry was gone. I lost a whole day's work.",50,0,0,16.666666666666668,25.0
qwen3_omni,Qwen3-Omni,video_0149,31164d299d364b507933eb679173bd76c09f52b6045c89f12d7fd653d025b344,"Excuse me. Can you help me? Sure, what do you want? Where is 83 Wooster Street? That's easy. Walk to the corner. Then make a left turn. Then walk two blocks to the traffic light. Make another left to Wooster. Thank you. To the corner and then a left?",What should the man in the blue shirt say?,Yeah. A left.,"Walk to the corner, then make a left turn, then walk two blocks to the traffic light, make another left to Worcester.",75,25,50,50.0,50.0
qwen3_omni,Qwen3-Omni,video_0150,76f34d871f000ad6c2b38140350c51efc81425bc81cf9ea25ebd706933e6022a,"Excuse me, ma'am. I'm looking for 83 Wooster Street. Yes. Wooster Street is two blocks, and 83 is to the right,about two houses.",What should the man say?,"Thank you, thank you!",Thank you.,100,100,100,100.0,100.0
qwen3_omni,Qwen3-Omni,video_0151,6e1d199d7b28a095349d74cb5c98afddb946b746a0b56678cde437b3c5e87ed9,"Hello, Harry. It's nice to meet you. Nice to meet you, Susan. Sorry I'm late. The traffic. The parking. I was lost.",What should the woman say?,Don't worry about being late. It's fine.,You're welcome.,0,0,0,0.0,0.0
qwen3_omni,Qwen3-Omni,video_0155,5f4455a117a81a744205acdbf9fea0c7d6b721256a30a6f71a31dbc4f978d35b,"Two years ago,my wife died. You miss her. I do... yes, but l have Michelle... and with time... Is there anyone else in your life? No, not yet.What about you?  Oh, I date occasionally, but my work keeps me busy. Harry. Yes? I'd like to meet your daughter someday. Does that mean that I can see you again?",What should the man say?,Of course.,I'd like to meet your daughter someday.,0,0,0,0.0,0.0
qwen3_omni,Qwen3-Omni,video_0157,f69d7616e7806f5dfa3f3668ea015f8b46706b16cb4def97af2da22b23f4a091,"Lots of wonderful memories. We were married almost fifty years. Well,forty-seven, to be exact. John and I celebrate our fortieth anniversary next month.",What should the man say?,"Oh, congratulations! That's nice.",We were married almost 50 years.,50,0,0,16.666666666666668,25.0
qwen3_omni,Qwen3-Omni,video_0158,a5a9a3ce1e6b2eea570184f09eeb988cc1e85b240428173bdebfc056966028c6,"I am exhausted. My new exercise class is so hard. Your new exercise class? Yeah. My new advanced exercise class. Why advanced? My instructor thought that the beginner's class was too easy for me. In the beginner's class, they give you a chance to rest between exercises. So?",What should the woman say?,The advanced class is nonstop.,I am exhausted. My new exercise class is so hard.,50,0,0,16.666666666666668,25.0
qwen3_omni,Qwen3-Omni,video_0159,2dc0be2d799eaca3b4b13f6ede0949a6c230c01ab4cb7543cb5b44900edbb8dd,"Doing aerobics for an hour is a lot different than lifting weights. Yeah. Quite a bit different. I think aerobics is easy. I could work out in your class with no problem. You think so? Oh, without a doubt. When's the next class? Tomorrow morning at ten o'clock. Try it.",What should the man say?,It's a nap.,I'll see you tomorrow morning at 10 o'clock.,75,100,25,66.66666666666667,87.5
qwen3_omni,Qwen3-Omni,video_0160,da31fa5abf5d0e30fac8f7bccc20412f777d66dc03f8b2152b6eb90c17e725cc,You are not going to be able to move after this and the aerobics class. Are you kidding me? It's going to be a piece of cake. You want to bet?,What should the woman say?,Yeah. What's the bet?,You are not going to be able to move after this and the aerobics class.,50,0,0,16.666666666666668,25.0
qwen3_omni,Qwen3-Omni,video_0161,0589a05530b782b1bdad52a9446175c0bfc1ddf4600f83fc4d209a6f360be142,"What do you do for a living, Mr.Stewart? I'm a photographer. Interesting. What do you photograph? Everything. The American scene. People, places, events. Did you ever think of photographing an aerobics class? No... I can't remember taking pictures of people exercising. But don't you think it'd be a good subject? Sure. I need some good photos for my advertising, Mr.Stewart. Maybe you can photogragh a class, and I can give you and Mrs.Stewart a month of classes ree. When can I photograph a class? Anytime. How about today?",What should the man in green say?,Terrific!,I can't remember taking pictures of people exercising.,50,0,25,25.0,25.0
qwen3_omni,Qwen3-Omni,video_0164,21770a59f4ead90b8ca1a7b3e3817bc5a7504542f6adb84de1600b9e491e69da,"Do you have any other plans for the day? I'll work on my computer. I have a new math program,and I want to learn how to use it. Maybe you can teach me how to work on a computer someday.",What should the man in green say?,Anytime. It's really easy.,I'm going to work on my computer.,50,0,25,25.0,25.0
qwen3_omni,Qwen3-Omni,video_0169,45cecc7ee60df5a687785ff2a3aec509862f728ea9d5296342e306c8eeedd5e0,"But when I received the letter with photographs of my family, I cried. I cried because I miss them all. You really miss your family, don't you?",What should the woman say?,Yes.,I miss them all.,100,100,100,100.0,100.0
qwen3_omni,Qwen3-Omni,video_0170,c1007857c8969dd496ec59ed8df736e21edfea3a9158c661cb7d57d4aec13334,"I know I must seem silly. It's not like I have nobody. I like the Molininas very much, and they're so kind to me.Hey, why don't we go out for a cheeseburger and fch fries, that'll cheer you up and you can use my walkman.",What should the woman say?,That's a good idea.,"I know I must seem silly. It's not like I have nobody. I like the Molinas very much, and they're so kind to me.",0,0,0,0.0,0.0
qwen3_omni,Qwen3-Omni,video_0171,28944e5fde0551e9983e5efbdbefd8fbeb06ad328ce69901c01b20f219fb8511,"This dog is well trained. And she likes you too. So how are we going to find the owners? With a little help from the ASPCA, the American Society for the Prevention of Cruelty to Animals. They're the ones. We once found a cat. She was caught in the branches of our tree. And dad called the ASPCA. They came and solved the problem.",What should the woman say?,"Robby, let's call them.",I don't know.,25,0,25,16.666666666666668,12.5
qwen3_omni,Qwen3-Omni,video_0172,37ed17175724add4d33dda91ef26945799bb34ced352ac9d0bd6c3be01f37df7,"Let's take Gemma by there now. They'll find the owner. I hope so. I'm so sad to see this little dog without her family. I'm sure they'll find the owner. But if they don't, I'll adopt her. She's so cute. Look at those eyes. She's hard to resist, don't you just love her?",What should the woman say?,"I like to keep her, too.",I'm so sad to see this little dog without her family.,75,0,0,25.0,37.5
qwen3_omni,Qwen3-Omni,video_0174,22f44bebba4b4e3e6c37739ef399979b17b13a1ef56fefc4dda21d123cc0e559,"I need your special talent for handling special matters. Like what special matters? Well, I have a scheduling problem. Yes? I have three tonsillectomies set for Friday with Dr.Earl. Yes? I need to fit a fourth operation into his schedule. And... I know you can do it. Well, I'll try to arrange the scheduled, Dr.Stewart. But it's not going to be easy.",What should the man say?,I know you'll be able to take care.,I need your special talent for handling special matters.,25,0,0,8.333333333333334,12.5
qwen3_omni,Qwen3-Omni,video_0176,bad8c5bcfc1054030289019ce77e59167d88192ca80c6d276dd18f942a0f6694,"Well, grandpa wanted me to study engineering like him. Well, I wasn't clear about my future, but I knew engineering was not for me. What did you tell grandpa? The truth. Then you're not upset about my not wanting to go into medicine. I'm not upset at all, I'm just happy that we're able to talk about it.",What should the man in blue say?,"I am too, dad.",I'm glad we could talk about it.,100,100,100,100.0,100.0
qwen3_omni,Qwen3-Omni,video_0177,ca05b6ab7b679cb7e28d2c7e6e42f9763784abbf0c790ece866ccd247dece92c,"Now, what else is on the schedule today? Well at one o'clock you have a lunch appointment with Mr. Levine, the client from the toy town stores. Where? At Rossano's. Anything else? At four o'clock you have a meeting with the production staff in the conference room. Make sure everybody is at that meeting.",What should the man say?,Will do.,"At four o'clock, you have a meeting with the production staff in the conference room.",50,0,50,33.333333333333336,25.0
qwen3_omni,Qwen3-Omni,video_0183,0d33de9eb23d40305c059df4fbf9bf4f9caf9d8989797e3ccfef05a569dd09e8,"Oh, my! Here's a real buy. It's a bargain. This house just came on the market. It's quite lovely. Is it a two bedroom house? No, it has three bedrooms and three baths. I know the house. It has a brand new kitchen, and a living room with a 12 foot ceiling and there's a two car garage. The why don' we go look at this house, too?",What should the woman in pink say?,It's a good investment.,It's a bargain. This house just came on the market.,75,0,25,33.333333333333336,37.5
qwen3_omni,Qwen3-Omni,video_0184,06cc4f2ec1d40261b3b7d618a43216a6bc6de0c8d63fd50123bc4618082a9701,"Thank you, Mrs. Martinelli. Thanks so much. My pleasure. Give my best to your parents. Your father's a wonderful doctor, Richard. He took care of my daughter when she was a child. He's the best pediatrician in Westchester.",What should the man say?,"Thanks Mrs. Martinelli, I'll give them your regards.",I will.,50,100,100,83.33333333333333,75.0
qwen3_omni,Qwen3-Omni,video_0186,8cac057f89113062bc64d4df4cf9fbac0e2ed29ccfc430f4965e138d3df7798d,"What about the house in Mount Kisco? Somebody else will buy it by then. Well, then there'll be other house, Marilyn. Oh Richard has a point. You're just beginning to look. We're no great rush. It's true. This has been a great learning experience for us, Marilyn. Talking to the real estate agent. Looking at the houses. Talking to the loan officer at the bank.",What should the woman in white say?,"It has been a learning experience, that's true.",I'm not sure what to do.,50,50,25,41.666666666666664,50.0
qwen3_omni,Qwen3-Omni,video_0187,5ac334ec7e16149e30cdfef28365e975621b875569866f9504adaa32c0a4511a,Children usually resemble their parents. It's true. Michelle is a lot like Harry in so many ways. And she shy with new people just like he is. You really like Michelle don't you.,What should the woman in blue say?,"Yes, I'm very fond of her.",I do.,75,100,100,91.66666666666667,87.5
qwen3_omni,Qwen3-Omni,video_0188,084c956e8208a7eb5d2e47e5a087a71afc98c3e5e292ea9d4312324479043cea,"You like living in New York, don't you? Oh I love it, it's so convenient. I can take the bus to work...or the subway...or a taxi. And there's so much to do. Lots of movie houses and the theater. I know what you mean. I'd like to live in the city, but living in New Jersey in the suburbs is better for Michel. Trees, grass.",What should the woman say?,There's a lot of good things about suburban living.,I know what you mean.,75,25,75,58.333333333333336,50.0
qwen3_omni,Qwen3-Omni,video_0189,c7a6b1fdef8d1b4a845c06bf9d400f93dfb2347726d680485b5fafb31f5832ea,"As a working woman, I think New York has all the conveniences, including the best tomatoes. The truth is, I'd like to live in the city. Michle's the right age. There are lots of things for her here.",What should the woman say?,"You're right, Harry.","I think New York has all the conveniences, including the best tomatoes.",50,0,25,25.0,25.0
qwen3_omni,Qwen3-Omni,video_0191,84cd45e5935ba1a9cf022529f3615e0706a3a9441172c5388987046c67535187,"Susan, I, I really appreciate you doing this for Michelle and her friends. Oh, please, Harry, it's nothing. I'm not just doing it for Michelle. I'm doing it for you.",What should the man say?,Thank you.,I really appreciate you doing this for Michelle and her friends.,75,0,25,33.333333333333336,37.5
qwen3_omni,Qwen3-Omni,video_0192,a82b19a5c7a9e9274dd001b8650a8abc831ce4e64ed4c040c8c3481ecd51bf3d,"That makes me feel good. What, Harry? What makes you feel good well? That you care about Michelle, that you care about me and that you care about us. Well, Harry, that that's because I do. I do care. They'll be here any minute. Susan, I'd like to...continue this conversation later.",What should the woman say?,"Of course, Harry.",I do care.,75,0,75,50.0,37.5
qwen3_omni,Qwen3-Omni,video_0193,8be07f6eb6f7cc66ae6df5e7c3963fc8c7eb1180e50a1d016c7971aafeb5240f,"Susan, will you marry me? It's such an important decision. There's so many things to talk about. There are three things that have to be done first, Harry. Three things? First, we have to decide where to live. Well, that's easy we talked about that earlier. We'll live in New York. All right. Second, we have to talk to Michelle together about being married. We'll do that immediately. What's the third thing? You have to ask for my father's permission.",What should the man say?,Absolutely.,I will ask for your father's permission.,100,100,100,100.0,100.0
qwen3_omni,Qwen3-Omni,video_0195,154f691ccda06f79ee131dad4aaf8cd4d058f4a19d086cb5c66dde670fcec5cb,"If you had your choice of all the places in the world, where would you choose to spend our anniversary? The Watermile Inn. I loved that place when we went on our honeymoon. Perfect! You picked the right place. I don't understand. you and I, Missus Stuwart, are going to spend a second honeymoon at the Watermile Inn.",What should the woman say?,"Oh, Richard, that's wonderful.",I love that place.,75,50,100,75.0,62.5
qwen3_omni,Qwen3-Omni,video_0196,ead5836ce402bb1fa84a01176e700ce15efe24f869618f152a0978a3a7514823,"Come on, Mar. It's time you and I had a romantic weekend alone together. We've earned it. What do you say? It does sound tempting. You're right, we burned it.",What should the man say?,Great.,"Come on, Mary, it's time you and I had a romantic weekend alone together. We've earned it. What do you say?",50,0,0,16.666666666666668,25.0
qwen3_omni,Qwen3-Omni,video_0198,1325c762e1ce4fe5fdc6d3c058cea9db0e190596cbbce6ed7d7e9ffd8acd4853,Thank you for calling us. I remember you and your wife from the first time you stayed with us. We were very young. And very much in love. We have a baby now.,What should the woman in white say?,How wonderful! A boy or a girl?,I remember you and your wife from the first time you stayed with us.,25,0,0,8.333333333333334,12.5
qwen3_omni,Qwen3-Omni,video_0200,7065b8ca0fd6d6830c491dc493a533f41ccda79719680ef8a3957bc16e0053bb,"The mailman just drops a mail in our box, Grandpa. Oh probably a lot of advertising and bills. You were right, grandpa. Advertising, bills, bills, advertising.",What should the elderly man say?,"Yes, just like I said, Robbie. Nothing interesting.","You were right, grandpa. Advertising, bills, bills, advertising.",50,0,0,16.666666666666668,25.0
qwen3_omni_thinking,Qwen3-Omni-Thinking,video_0001,63fe09cee98b5fe49d4832b47ad4cbae19ca3ec4d151fbcd174da4885fc5f021,"As you know Whitney has been a one woman wrecking ball, strong arming every college student who dares cross her path in adjoining Tinder.Judging by these numbers guys, they're telling their friends, Okay",What should the man with his hand on the woman's shoulder say?,so I'd like to officially announce that Whitney is the newest and certainly the most feminine cofounder of Tider.,"Whitney has been a one-woman wrecking ball, strong-arming every college student who dares cross her path into joining Tinder, and judging by these numbers, guys, they're telling their friends, okay?",0,0,0,0.0,0.0
qwen3_omni_thinking,Qwen3-Omni-Thinking,video_0011,b6a0b46a0bec90d75b1671935a8edc500b6be8c1ce9327675b90a4b2843f4517,"Er, Dave. Sir. Sh. I'm on a stakeout. Right. Sorry. You know that bird you're trying to catch? Bird? Winged demon, more like. But there's no way he's getting away from me this time. Right, well, about that... I'm in a heightened state of alert. I could hear an ant cough a mile away. Doesn't sound like you need my help, then.",What should the man in camouflage say?,I got it all under control.,Doesn't sound like you need my help then.,100,0,25,41.666666666666664,50.0
qwen3_omni_thinking,Qwen3-Omni-Thinking,video_0012,7ef40a12c65ab64c9352bdf85060198425b8ac868ace3065370870f86f5d2997,"Good morning! Good morning. Mrs Collins, Ofsted. Here to see Mr Barker for the inspection. Certainly. One moment. Morning, Mr Barker. I've got a lady here to see you. Mrs Collins, Ofsted. Certainly. I'll let her know. Unfortunately, Mr Barker has been detained at the vets. He sends his apologies and asks if you'd mind showing yourself around? Of course.",What should the woman in yellow say?,Here's a map for yourself.,"Okay, great.",50,100,75,75.0,75.0
qwen3_omni_thinking,Qwen3-Omni-Thinking,video_0016,c187940e58992ec7263cad64f4b012c3f80e1c505989ce39a0af5bf5717566fc,"Okay, let's take a look. Good, very good. Family album U.S.A, is an excellent title. If you had to describe the book in one sentence, how would you do it? Well, I describe it as a book, which is a portrait of the United States, the places, the people, mostly the people. The things they do, the ways they live, the places they visit and the landmarks, a photographic journey.",What should the man with gray hair say?,These are wonderful.,A photographic journey.,75,0,100,58.333333333333336,37.5
qwen3_omni_thinking,Qwen3-Omni-Thinking,video_0018,13b2a3f70c8549dcae13f35d012f0d209bdeb18dc70df7cce4056874e8b05c16,"In the section on culture, you've included performing art centers but you've left out street performance. The mimes, the musicians, the dancers in the parks and on the streets. Richard, if you go out and photograph street performances in the city, you'll have it. That is a great idea. The performing arts centers and the street performances. I'll do it. If you do it, I'll publish your work. Are you serious?",What should the man with gray hair say?,I've never been more serious.,"If you do it, I'll publish your work.",75,0,0,25.0,37.5
qwen3_omni_thinking,Qwen3-Omni-Thinking,video_0019,29c13c1a8b2a77ebdd7f8b6fd2a47a82d8f1ffc7dbc50d1924c7e21b71d2b120,"When do you think you can return with street performances? A couple of weeks. If they're as good as the rest of these pictures, it's a deal.",What should the man with black hair say?,"You won't be disappointed, Mr. Carlson. Thanks.",A couple of weeks.,50,0,25,25.0,25.0
qwen3_omni_thinking,Qwen3-Omni-Thinking,video_0020,82522e163393a9e2a283ce0ba2f2971a027b4b74fcb52b2621181e567894ba15,"What a job! Good work, Richard! I'm so glad you like them so much. Like them? They represent your best work. Really?",What should the man with gray hair say?,Absolutely.,"Yes, really.",100,100,100,100.0,100.0
qwen3_omni_thinking,Qwen3-Omni-Thinking,video_0031,46e3d0adc4c2a502b375ef807847964a00a1a55fb86fa46bd873dc440d22b487,"You' been working late almost every night this week, Dad, Aren't you exhausted? I don't have time to be exhausted. You and mom haven't had dinner together with us in almost a full week.",What should the man in the white shirt say?,"Yeah. I feel bad about us not having dinner with the family, but our schedules are so different.","You're right, I've been working late. I'm trying to get this project finished so we can all relax together.",75,100,100,91.66666666666667,87.5
qwen3_omni_thinking,Qwen3-Omni-Thinking,video_0034,8889b533ae64e0f61ee879619aae83dfcbbbdfe082ffc6dcf810bb7b32110bd2,"Hello there,Robbie. What are you doing up this late? Reading. Reading? At this hour? Come on, Robbie, what are you doing up this late? Things on my mind. Do you care to talk about them?",What should the man say?,"Sure, if you don't mind listening.","Yeah, just some things on my mind. I'll be okay.",75,75,75,75.0,75.0
qwen3_omni_thinking,Qwen3-Omni-Thinking,video_0035,34413aab7a13aafb7f4db1476aaba630dc166102edfd36326cd03ac4801d1d50,"If you have something you want to talk about, I'm always prepared to listen. You haven't been around much lately. So that's it. Okay, let's talk. You and dad are like ships that pass the night. Dad works hard and he works late. You work hard on all your committees and you work late. I thought you were proud of the work I do.",What should the man say?,"I am, mom, real proud. You are one fantastic mom, but, but I've been noticing how little quality time you spend with dad and me and the family.","You're right, but we're still here for you.",75,25,75,58.333333333333336,50.0
qwen3_omni_thinking,Qwen3-Omni-Thinking,video_0036,7be3dfe14f6eefbb94a0208ec4af5ba9d8ef285d1bd7768d9f34402b55033846,"I think I have an idea. You do? Yep, I think I have an idea that will bring dad and you together in a more scheduled way.",What should the woman say?,What is it?,"Oh, really?",100,100,75,91.66666666666667,100.0
qwen3_omni_thinking,Qwen3-Omni-Thinking,video_0038,83e6faa8aeb754d67d0aeda2ec798ed10d7fc538e55259c9baab27e1edca56ac,"I've been trying to find a way to encourage reading. Good luck. Oh, I think I may have found a way to do it. Yeah, tell me about it. I work with families every day, Ellen, I see how people spend their leisure time-- young and old. Mostly watching television. Well, that would be okay if and I repeat, if People took the time to read. I couldn't agree with you more. The question is, how do we get them to read more? I think you're going to give me the answer to that question, you... you have that look in your eye.",What should the woman say?,"I do have an answer, Philip, or at least I think I do.",I've got the answer.,75,75,100,83.33333333333333,75.0
qwen3_omni_thinking,Qwen3-Omni-Thinking,video_0039,24c568b48c281055de8da5df9df3dae1fb602299d64ea567db348ad8efab7643,"But how do you plan to do that? By arranging with the public schools to schedule one hour a week to start with. During that time, parents are invited to attend and to read along with the children, their children. It can go beyond the schools, Ellem. Really? I guarantee you it would go very well in the hospitals. As my patients, mostly kids would would love to read and be read to. You think so? I know so. Maybe we can experiment with your patients and see how the plan works.",What should the man say?,I love the idea.,I think so.,75,50,25,50.0,62.5
qwen3_omni_thinking,Qwen3-Omni-Thinking,video_0040,4a321f81ec8b832965ab91169f1793ea42c756e16f846fafcbab6ad5fe02f3a0,This would be a wonderful way to accomplish that. I have a question. Yes? What do we read? To the patients in the ward? Yes.,What should the woman say?,Well let's you and I talk about it.,For the patients in the ward?,75,0,25,33.333333333333336,37.5
qwen3_omni_thinking,Qwen3-Omni-Thinking,video_0049,e64c0ba244c132e6186b15822b1342fdb1a5e7c0b253e7864e93e7333d9f26ec,"A real dilemma. Does it have anything to do with you and Harry? Yes, but I don't know where to start. Maybe I can help.",What should the woman say?,Tell me.,"Please, Grandpa. Please sit down.",0,100,0,33.333333333333336,50.0
qwen3_omni_thinking,Qwen3-Omni-Thinking,video_0050,2658b4dd2170e2834a0c3ee76566a6b01c71e37180a901f046039d2603118c4b,"I think that you're very successful and that you have a fantastic reputation in the toy industry, I think you could talk to Mr. Marra.And I think he could help you find a real good job in Los Angeles. He was very helpful to me. Remember?",What should the woman say?,I suppose I could call him.,Thank you for thinking so highly of me.,75,100,75,83.33333333333333,87.5
qwen3_omni_thinking,Qwen3-Omni-Thinking,video_0051,6f17645b4a94eb7a97c5d00e609a3de94c3ae0b7cf3996dcbfccaf5daba78044,And what about Michelle? What do you think? I think Michelle is better off staying where she is. What does she think? I don't know for sure.,What should the man say?,"Well, you should have to ask her.","Well, we should ask her.",100,100,100,100.0,100.0
qwen3_omni_thinking,Qwen3-Omni-Thinking,video_0053,ff5bb1cc2e8992a400933bc1082c2fd42c5e2008f2c91e76bb1e047bb6aaf730,"I met with Bill York today. And I talked with Mr. Marchcheta. Did York make the offer? Yep, he asked me if I want the job. That's exciting, Harry, what was it? A vice presidency with the biggest accounting company in the country, craft and craft. Aren't you excited about that.",What should the man say?,Sure I am.,I don't feel like celebrating.,50,100,25,58.333333333333336,75.0
qwen3_omni_thinking,Qwen3-Omni-Thinking,video_0055,e4f7c8accd4db51b43863a0b7b81f20a27c80e408a0165aca80bd74a6d52f233,And how do you feel about taking the job in Los Angeles? How should I feel. It's the biggest company in the country. Well then you feel good about taking it?,What should the man say?,"Well, I feel fine about it, why should I?",I feel good about taking it.,100,50,100,83.33333333333333,75.0
qwen3_omni_thinking,Qwen3-Omni-Thinking,video_0056,fbf385a7ea0699fa99ac91b62b7a5246843db2159e65840d36cec0e3945d50f9,"Come and sit down for a minute, Michelle. I'd like to talk to you about something, something important. What's wrong, Susan? Oh there's nothing wrong, Michelle, but your daddy and I are talking about something that I'd like your opinion about. I know. I heard you talking about it the other night when I was trying on my new clothes. It's about moving to Los Angeles.",What should the woman in blue say?,"You're right, How do you feel about it?",Oh!,25,25,25,25.0,25.0
qwen3_omni_thinking,Qwen3-Omni-Thinking,video_0057,239d89ce7e22e9e4959a41f89b7e8e2c876f70e13ff8da45fefbefa6524bb743,"Well, I really wouldn't want to move, but. But? But if you and daddy wanted to, I guess you know what's best for the family and for me.",What should the woman in blue say?,"That's very considerate of you, Michelle.","I know it's hard, sweetheart, but we'll make it work together.",100,100,75,91.66666666666667,100.0
qwen3_omni_thinking,Qwen3-Omni-Thinking,video_0066,d4292ce58b7bda13a4b8be541c0ed3e49c6d9799b9a74a2f679b9ced52510b87,"There are so many things to consider one thing that makes it easier for you is is that you have us Max will always have a family member to watch over him while you're at work.I didn't have that when Richard and Susan were born, What did you do, I chose to continue with my career as a music teacher who hired a woman to watch Richard and then Susan. And I continued with my career. Do you think you made the right decision?",What should the woman in pink say?,I think I did.,I think I did.,100,100,100,100.0,100.0
qwen3_omni_thinking,Qwen3-Omni-Thinking,video_0077,437fa248c40508f8ad1b698629b05519f9654c0c7b965a3ce84265c459cfac4a,"Is something the matter, grandpa? The editorial in this paper that has my friend Nat Baker real upset, he's coming over to talk about",What should the elderly person in red say?,It is.,Matt Baker is really upset about that editorial.,50,0,25,25.0,25.0
qwen3_omni_thinking,Qwen3-Omni-Thinking,video_0086,7c5572d8df4220f1204f9085afdde1ce199e15e8e9dae85e97dd7e4fd8328252,"Well, now that you're here you can help me with dinner. I need those potatoes peeled and sliced. Mom, give me a break. Alexandra's coming over to help me study for my math final. Well, in that case, you can wash the dishes and clean up after dinner. Can I invite Alexandra to stay for dinner? Of course. Thanks, mom. You and Alexandra have become good friends, haven't you?",What should the man say?,"Yes I like her, she's a terrific person.","Thanks, Mom.",75,0,75,50.0,37.5
qwen3_omni_thinking,Qwen3-Omni-Thinking,video_0090,bec32fcc45eaae4cc5e6e07feaa2b0b59cce12cd23e5b3a314448d764eb97c21,"Oh, and Robbie. Yes? You probably want a family car so you can drive her home after the party. Could I? If you drive carefully.",What should the man in grey say?,"I will, thanks dad.","Yes, sir.",75,100,100,91.66666666666667,87.5
qwen3_omni_thinking,Qwen3-Omni-Thinking,video_0091,8bf5d140453fc275d5ff06222ce05b0eab2bc3cc40f1582a9dfef4a8365a02bd,"When is your plane reservation for you flight to Athens? Sunday, why? Would you be able to come over Saturday night? Yes, I should be finished packing by then. My folks are giving me a little graduation party. Terrific! I'll pick you up. That isn't necessary. My dad's letting me borrow the car. Oh well, that would be very nice. About eight o'clock? Eight o'clock is fine.",What should the man say?,"Great, it's a date.",Eight o'clock is fine.,100,0,50,50.0,50.0
qwen3_omni_thinking,Qwen3-Omni-Thinking,video_0092,3caccd0fb7b522cfc3afa76106a7fabdb3c127163f39ecf9bacd2573d5fef5c1,"Are you excited about graduating from high school? Sure, and a little scared. Scared? Why? Aren't you a little scared? I was when I first came to the United States. I'd never been away from home and I didn't know what it would be like, but then I found out that people are the same everywhere once you get to know them. I'm glad I got to know you.",What should the woman say?,Thank you. I'm glad I got to know you.,Me too.,100,100,100,100.0,100.0
qwen3_omni_thinking,Qwen3-Omni-Thinking,video_0093,9c3b052e15dab48773931cff9bc426d32c2a5da55fee7be29ab9d0887a326c5c,"She's really a good friend, isn't she? Yeah. You are going to miss her. Am I going to miss her?",What should the woman say?,"That's what I said, you are going to miss her.",You will.,75,100,100,91.66666666666667,87.5
qwen3_omni_thinking,Qwen3-Omni-Thinking,video_0098,13f1f027087848a1bc29c055fa09db4feb0f28d51b1d5ccde507cc57fa30ad78,"I can't believe this is really happening! You've earned it. Years of work went into these pictures. I know, but it's still a dream come true. Well, remember we're not sure what the critics are going to write about your show yet. And you never know what the man from the New York Times is going to say about it. Are you worried?",What should the man with silver hair say?,I always worry.,"No, I'm not worried. I'm confident in your work.",75,0,75,50.0,37.5
qwen3_omni_thinking,Qwen3-Omni-Thinking,video_0099,b3cdcd053f2d8710185acb95bec9a0fe2d04786083a77e2550a9dc4b58398d02,The reviews of this show are important for the sales of your book. When did we see the reviews soon? One of the critics is coming up this morning for a preview. I hope he's in a good mood.,What should the man with black hair say?,So do I.,"Well, when do we see the reviews?",50,0,75,41.666666666666664,25.0
qwen3_omni_thinking,Qwen3-Omni-Thinking,video_0101,5ec3cc65ac769376fabba4398368dee1691ceb2c56371026aead2d9b06b402a6,"How about guests? How many people will you be bringing? Well, my family, I guess. My wife, Marilyn, my father and mother, my brother Robbie, my sister and her husband and their daughter. And my grandfather. Is that too many? No such thing as too many at an opening. I hope they like it. Your family or the public? Everybody, but especially my family, and they've stood by me through all this.",What should the man in the black suit say?,I'm sure they'll like it.,That's wonderful to hear.,75,100,100,91.66666666666667,87.5
qwen3_omni_thinking,Qwen3-Omni-Thinking,video_0111,c8803eccc91296731a178f2192a71169211006f8f3151ad6bb78795416944f42,"A cigarette? No, thanks. A lollipop. A lollipop? How old are you? Excuse me? I'm sorry. It's okay, I'm 25 years old. You're 25?",What should the man say?,Yes.,My son is 17 years old.,0,0,0,0.0,0.0
qwen3_omni_thinking,Qwen3-Omni-Thinking,video_0113,ebd78d9e825f02251b085e3e01e09f75aa72a744d721512e271d5826825270df,Who is it? It's Jake. Jake. Jake Seltzer from the station. Jake. These are for you. Oh flowers.,What should the woman say?,"They're beautiful Jake, thank you very much.","Oh, flowers.",50,0,25,25.0,25.0
qwen3_omni_thinking,Qwen3-Omni-Thinking,video_0115,e63c63430fecda2718c0bf96859d72c2dee43efb013a1ba5711a94bc67e2a46a,"Do you see them often? Well, not often enough. But the whole family will be here for Thanksgiving. And they are so eager to meet their Boston cousins. This will be our first Thanksgiving without Dad. It must be so hard for you. Well, we'll do what we can to make it easier.",What should the brunette woman say?,Thanks.,"Oh. It must be so hard for you. Well, we'll do what we can to make it easier.",75,0,0,25.0,37.5
qwen3_omni_thinking,Qwen3-Omni-Thinking,video_0116,a1ce2e8a6d06162a3b22702c531a7aaaf62238f4bd929b5853d0f6d5e28130ab,"Here's to a very special Christmas. To a very special person. To a great singer. Now, to make my day complete,I'm gonna call Alex. Let me wish him a",What should the man say?,Merry Christmas.,To a great singer.,50,0,25,25.0,25.0
qwen3_omni_thinking,Qwen3-Omni-Thinking,video_0117,1224d226840f3879fdf20f27ce6cbe1b480c97561dcd9d26f1b12969815a4ea0,"Would you like to open your present? I'd love to. I have a present for you, too... under the Christmas tree. Well, you open your gifts first. All right. Merry Christmas and a Happy New Year. Your friend, Alex. He made the statue at school. 'Mighty Casey at the Bat'. What a riot! I'll keep it forever. It's so cute. All right,",What should the woman say?,Now you open your present.,Mighty Casey at the bat.,0,0,25,8.333333333333334,0.0
qwen3_omni_thinking,Qwen3-Omni-Thinking,video_0119,3d9ab23fc2d8005578852d91f9d412e491ee88750dbd6964b0ac73a155f68eae,"Your gift inspired me to write it. Well, I'm glad. Gotta get goin'. See ya. Take care. OK.",What should the woman say?,Bye.,"Take care, okay?",100,100,100,100.0,100.0
qwen3_omni_thinking,Qwen3-Omni-Thinking,video_0129,a8d7eb4fbba5ecfe7e9b3929d5d9111cbcb3a7953359c6575b3cc5afb230e39f,"Honey, where should I put the candy dishes? Here on the table? Sure that's fine. Oh did you ask Greg to bring the ice cream? Oh no I forgot. Oh well, we'll still have enough food. Sorry Mia.",What should the woman say?,That's okay.,Don't worry about it.,100,100,100,100.0,100.0
qwen3_omni_thinking,Qwen3-Omni-Thinking,video_0132,89eab009ec4e20a041339b136fb5c091e8c1710ece2e0174d45f7840cce97e84,"Becca, you've swept the floor three times, sit down. I can't, I'm too nervous. The new manager won't be here for another hour. Well, he might be early, I want everything to look perfect. Everything does look perfect, but we don't have any customers.",What should the woman say?,You're right. We need some.,"Well, then we need to make some.",75,100,100,91.66666666666667,87.5
qwen3_omni_thinking,Qwen3-Omni-Thinking,video_0137,cde8fa10e199f356b6b2e45915be62d8637deae7d7c1a009db02d9f78fbe8342,"You're not Mr. Barker. Very observant. Mr. Barker will be here at 9 a sharp after his morning walk. I am Mrs. McIntyre. Mr. Potter. Deputy head. That's right. I'm the new deputy head. There must be some mistake, I am the new deputy head.",What should the woman say?,Impossible.,"No, you're mistaken. I am the deputy head.",100,100,100,100.0,100.0
qwen3_omni_thinking,Qwen3-Omni-Thinking,video_0140,13f308c9c67068e217bbc957da29394a75047ee4daea195c6367c337b3960275,"Well? What does that mean? Oh, don't be coy with your godmother. Are you two an item yet? Well, he asked me to spend New Year's Eve with him. And I'm going. Good.",What should the old woman say?,So it looks like it's going to be an interesting new year.,Good.,100,0,100,66.66666666666667,50.0
qwen3_omni_thinking,Qwen3-Omni-Thinking,video_0143,75067a9f283f5152921d61d550c69db710147a46f6a20ebb8c30878fd740fc70,"What are you doing Saturday? You mean, New Year's? Nothing, I guess. Why? Well, this could be our last New Year's together, right?",What should the boy with glasses say?,Yeah!,"Next year, I'll be in Taiwan and you'll be in LA.",75,100,75,83.33333333333333,87.5
qwen3_omni_thinking,Qwen3-Omni-Thinking,video_0144,5d5b92084f20c49054c95624d389f3a7136d016b6d324e35e698a47c60c6da89,I just can't imagine what those boys are doing right now. Hey... It's New Year's. They're probably out celebrating. They're only ten... They wouldn't do that. You'd be surprised what kids will do. Do you remember when I ran away from home? I was only seven. Right.You went down two blocks and then chickened out.,What should the man say?,Kids'll do crazy things.,That's right.,75,75,100,83.33333333333333,75.0
qwen3_omni_thinking,Qwen3-Omni-Thinking,video_0148,cae0f1688e42a784e86ed7d7b410f44646acb8347bdf177a9105bd46d96c767d,"I had a really bad day. I left my bag of film on the ferry. I went back for it, but the ferry was gone. I lost a whole day's work. I'll call the Staten Island Ferry lost-and-found office. Alexandra! Hello, Richard. I found your bag!",What should the man say?,"Oh, thank you!",Thank goodness! You found it!,100,100,100,100.0,100.0
qwen3_omni_thinking,Qwen3-Omni-Thinking,video_0149,63e3cf285d66609d3722c726414f0518b29fb87055d5fa1c8cc0d28c1c53edfc,"Excuse me. Can you help me? Sure, what do you want? Where is 83 Wooster Street? That's easy. Walk to the corner. Then make a left turn. Then walk two blocks to the traffic light. Make another left to Wooster. Thank you. To the corner and then a left?",What should the man in the blue shirt say?,Yeah. A left.,To the corner and then a left.,100,0,100,66.66666666666667,50.0
qwen3_omni_thinking,Qwen3-Omni-Thinking,video_0155,95d44146da3ffd58a8800b161cda17f56efee3d2e3c7f6e20f98eec56e204583,"Two years ago,my wife died. You miss her. I do... yes, but l have Michelle... and with time... Is there anyone else in your life? No, not yet.What about you?  Oh, I date occasionally, but my work keeps me busy. Harry. Yes? I'd like to meet your daughter someday. Does that mean that I can see you again?",What should the man say?,Of course.,Does that mean that I can see you again?,75,0,100,58.333333333333336,37.5
qwen3_omni_thinking,Qwen3-Omni-Thinking,video_0158,ff700a5d137a601b45b1d30aaec0c6a558b04ba7b50e515c5fdcd7169b202097,"I am exhausted. My new exercise class is so hard. Your new exercise class? Yeah. My new advanced exercise class. Why advanced? My instructor thought that the beginner's class was too easy for me. In the beginner's class, they give you a chance to rest between exercises. So?",What should the woman say?,The advanced class is nonstop.,"Oh, you're kidding me!",75,0,75,50.0,37.5
qwen3_omni_thinking,Qwen3-Omni-Thinking,video_0159,61a20f6a37d07913ef30b0184c8c0d9b414215251d6bc13e086744bf499bd1a9,"Doing aerobics for an hour is a lot different than lifting weights. Yeah. Quite a bit different. I think aerobics is easy. I could work out in your class with no problem. You think so? Oh, without a doubt. When's the next class? Tomorrow morning at ten o'clock. Try it.",What should the man say?,It's a nap.,Try it.,100,0,25,41.666666666666664,50.0
qwen3_omni_thinking,Qwen3-Omni-Thinking,video_0160,78da169ee1a6d1f2b576ea76a7a8c12049939dc1ad8f6ac6236a86d027fca16f,You are not going to be able to move after this and the aerobics class. Are you kidding me? It's going to be a piece of cake. You want to bet?,What should the woman say?,Yeah. What's the bet?,You want to bet?,100,0,100,66.66666666666667,50.0
qwen3_omni_thinking,Qwen3-Omni-Thinking,video_0161,d22847c6d3a2c2f4891592ee59e3cd809ee2dd97674d81b7e84b691fa390aeb3,"What do you do for a living, Mr.Stewart? I'm a photographer. Interesting. What do you photograph? Everything. The American scene. People, places, events. Did you ever think of photographing an aerobics class? No... I can't remember taking pictures of people exercising. But don't you think it'd be a good subject? Sure. I need some good photos for my advertising, Mr.Stewart. Maybe you can photogragh a class, and I can give you and Mrs.Stewart a month of classes ree. When can I photograph a class? Anytime. How about today?",What should the man in green say?,Terrific!,When can I photograph a class?,100,0,50,50.0,50.0
qwen3_omni_thinking,Qwen3-Omni-Thinking,video_0162,f3e41883bbca20297ba1acac17ee5e025aff4def9aaa88003ae36f67518547e0,"Well, I didn't really exercise. I knew it! I wanted to,but Jack Davis needed a photographer. I'm sorry, Marilyn. I don't understand. Did you exercise or not?",What should the man say?,No.,I'm sorry I didn't exercise. I had to photograph the class. Let's do it tomorrow.,75,100,75,83.33333333333333,87.5
qwen3_omni_thinking,Qwen3-Omni-Thinking,video_0166,788ee8c5f0a363abf6a071480d7c301f2bb4a3d79f0c992f14e0d75b0bc043a4,"Robbie says you can't take him to the game today. I really feel bad about it, but they need me at the hospital today, in the children's ward. l understand. Maybe we can spend some time together next weekend.",What should the elderly person say?,Definitely. We should.,"Maybe we can spend some time together next weekend, like going to the game.",100,50,75,75.0,75.0
qwen3_omni_thinking,Qwen3-Omni-Thinking,video_0168,d3e35108f49026578eb695ffd12459e7484eadf51ce8005c2a215fe3ce184e7b,"Is something wrong, Alexandra? No, nothing. Yes, there is. I can tell. What's the matter? Come on, you can tell me. What's up? I don't know. Something's wrong.",What should the man say?,"OK, let's talk.",You can tell me anything.,75,100,100,91.66666666666667,87.5
qwen3_omni_thinking,Qwen3-Omni-Thinking,video_0172,002e4c281ef2d88e35fdfcaccab75ccbee802f66f8d742cf646b7688961a3db6,"Let's take Gemma by there now. They'll find the owner. I hope so. I'm so sad to see this little dog without her family. I'm sure they'll find the owner. But if they don't, I'll adopt her. She's so cute. Look at those eyes. She's hard to resist, don't you just love her?",What should the woman say?,"I like to keep her, too.",She's so cute.,75,100,25,66.66666666666667,87.5
qwen3_omni_thinking,Qwen3-Omni-Thinking,video_0174,62bcd1b12b674c3743f795424cc3427dcd95ddeae56b4dadecb63bf71ca549ab,"I need your special talent for handling special matters. Like what special matters? Well, I have a scheduling problem. Yes? I have three tonsillectomies set for Friday with Dr.Earl. Yes? I need to fit a fourth operation into his schedule. And... I know you can do it. Well, I'll try to arrange the scheduled, Dr.Stewart. But it's not going to be easy.",What should the man say?,I know you'll be able to take care.,I know you can do it.,100,100,100,100.0,100.0
qwen3_omni_thinking,Qwen3-Omni-Thinking,video_0176,92e2f46a3205f6e2ba4f85b1fe0894f0925b8b1602bfbd9b8a5d6b78e0aa6745,"Well, grandpa wanted me to study engineering like him. Well, I wasn't clear about my future, but I knew engineering was not for me. What did you tell grandpa? The truth. Then you're not upset about my not wanting to go into medicine. I'm not upset at all, I'm just happy that we're able to talk about it.",What should the man in blue say?,"I am too, dad.","Well, I'm glad you're not upset.",75,100,75,83.33333333333333,87.5
qwen3_omni_thinking,Qwen3-Omni-Thinking,video_0192,4a9c2ccf8dde2e3e6c9bd694437029061bc413712902eb52a3107c022597f228,"That makes me feel good. What, Harry? What makes you feel good well? That you care about Michelle, that you care about me and that you care about us. Well, Harry, that that's because I do. I do care. They'll be here any minute. Susan, I'd like to...continue this conversation later.",What should the woman say?,"Of course, Harry.","Oh. Well, okay. But we should finish this.",50,75,75,66.66666666666667,62.5
qwen3_omni_thinking,Qwen3-Omni-Thinking,video_0193,da3330dfa68cae1c60424bbb01ad0a3ec3c3f0b878009b2d254116089dcc016a,"Susan, will you marry me? It's such an important decision. There's so many things to talk about. There are three things that have to be done first, Harry. Three things? First, we have to decide where to live. Well, that's easy we talked about that earlier. We'll live in New York. All right. Second, we have to talk to Michelle together about being married. We'll do that immediately. What's the third thing? You have to ask for my father's permission.",What should the man say?,Absolutely.,I will.,100,100,100,100.0,100.0
qwen3_omni_thinking,Qwen3-Omni-Thinking,video_0194,32b0549fa5d9a919ecd92ca6122d486d6562135112eb5fe935c84be6fa16b7c0,"What's this for? Just because. How's the baby? Fast asleep. I'm sorry, I missed him. I had to work late. What are the flowers for, Richard? Five years of happiness, Happy anniversary our anniversary. But our anniversary isn't until Saturday.",What should the man say?,I couldn't wait.,I wanted to surprise you.,100,100,100,100.0,100.0
qwen3_omni_thinking,Qwen3-Omni-Thinking,video_0195,ea63a72c4cb0314c4a97fd6567b722b496635cb712b828e895cd0057f3120983,"If you had your choice of all the places in the world, where would you choose to spend our anniversary? The Watermile Inn. I loved that place when we went on our honeymoon. Perfect! You picked the right place. I don't understand. you and I, Missus Stuwart, are going to spend a second honeymoon at the Watermile Inn.",What should the woman say?,"Oh, Richard, that's wonderful.",But we're not married.,0,0,25,8.333333333333334,0.0
vita_1_5,VITA-1.5,video_0001,93b8a408fe571f1e2342921844d174865637e10e70b0a5e97cccb29ee28f68fa,"As you know Whitney has been a one woman wrecking ball, strong arming every college student who dares cross her path in adjoining Tinder.Judging by these numbers guys, they're telling their friends, Okay",What should the man with his hand on the woman's shoulder say?,so I'd like to officially announce that Whitney is the newest and certainly the most feminine cofounder of Tider.,"""I'm so proud of you!""",50,100,75,75.0,75.0
vita_1_5,VITA-1.5,video_0002,8b0d536e880387ba05d257fd2b5d9058324f9cf053046e858fd31a79121b6c8c,"When we filed the suit.You know, you said we had a strong case and we do you demonstrated a pattern of abuse that is systemic and company wide right and the picture of these text messages paint well, Justin Mat would exactly cut a sympathetic figure for a jury I mean he was suspended which is why we were able to get this settlement figure so high Now",What should the woman sitting in the middle say?,"the money is nothing.It's not nothing to me, it's a crazy amount to me, but for them it is a slap on the wrist","She should say, ""Thank you for your time and consideration.""",0,0,25,8.333333333333334,8.333333333333334
vita_1_5,VITA-1.5,video_0003,9df37b50e26181067c08f1854bed951a64a198191fe370f12d98bff0d23e887d,"All right, all right, your sandwich for the cheese toasie, the bag of scratchings and a chocolate bar. Come on, I'm robbing myself. I don't want to swap it.  All right, all right, here's what I'll do. The toastie, the scratchings, a choccy bar and...a roast dinner with all the trimmings. How long has that been in there? Come on, I'll throw in the briefeases well. Fine, just take it. Lovely.",What should the woman in green say?,Pleasure doing business with you.,"All right, all right.",75,25,25,41.666666666666664,41.666666666666664
vita_1_5,VITA-1.5,video_0004,82673720186a472b6e82340631883de20a7c8f1ff9d9e56cdf60cb7767f9b39e,"Hi, I've got a form to hand in. Name? Mr. Capp. Your name. Emily. No, if you name's not down, you're not coming in. I don't want to come in. I just want to give this to Mr Capp. Oh yeah that old one. I'll go inside I look for this Mr. Capp. Meanwhile you and all your mates sneak in.",What should the little girl say?,"What mates? I don't want to come in, I just want to give him this form.",No.,25,25,25,25.0,25.0
vita_1_5,VITA-1.5,video_0006,181e78996edab9e62d19293dc040d58b4b21d2485853435c977eb007dfe0bf17,"All right, sir? Have you got a plaster for this? Sure thing, little buddy! Let's take a look at you. Prep the ER! It's just a grace, sir. It's worse than I thought! Get me the crash team! I need five bags of O negative, stat!",What should the little boy say?,"Sir, just a plaster's fine.",Yes.,50,25,25,33.333333333333336,33.333333333333336
vita_1_5,VITA-1.5,video_0011,b0cdbbead2f0f791b4a5ae377b38fb85dfeb4a1ef1c1ce53b1024cead4e4f0a0,"Er, Dave. Sir. Sh. I'm on a stakeout. Right. Sorry. You know that bird you're trying to catch? Bird? Winged demon, more like. But there's no way he's getting away from me this time. Right, well, about that... I'm in a heightened state of alert. I could hear an ant cough a mile away. Doesn't sound like you need my help, then.",What should the man in camouflage say?,I got it all under control.,Yes.,25,50,100,58.333333333333336,58.333333333333336
vita_1_5,VITA-1.5,video_0012,3208391b12dd18d2ed0da10504af4de6af3c81d28b0e0d58e64331fd1a543f91,"Good morning! Good morning. Mrs Collins, Ofsted. Here to see Mr Barker for the inspection. Certainly. One moment. Morning, Mr Barker. I've got a lady here to see you. Mrs Collins, Ofsted. Certainly. I'll let her know. Unfortunately, Mr Barker has been detained at the vets. He sends his apologies and asks if you'd mind showing yourself around? Of course.",What should the woman in yellow say?,Here's a map for yourself.,Yes.,25,25,25,25.0,25.0
vita_1_5,VITA-1.5,video_0014,6a0a4d7ccb9f5b048372c865a7c0c70fe8367c81ec0e766d83fb14c0fa41be6a,These are gonna be some tough times. You can call me anytime， even if it's the middle of the night. Here's the number at my uncle's farm.,What should the woman say?,Thanks.,I'm gonna be a little bit late.,0,0,0,0.0,0.0
vita_1_5,VITA-1.5,video_0015,de9d8e5cb3e9cef89b515a98cdadc9b6a9889e935c183f43bc9eede3d91f742d,"Does the name Harvey Carlson ring a bell? Oh, yes, Harvey Carlson, I remember. He said I should call him. He is the publisher of the Carlson Publishing Company. He said they need a new book of photographs and he really liked my concept. So why don't you call him in the morning? Do you think I have enough to show him? I've been through every section with you, Richard. It's quite complete. And now that you're satisfied with the performing art section, I think you should show it to Mr. Carlson.",What should the man say?,"You're right, My family album USA feels right. I'll call in the morning and set up an appointment to see him.",Call him.,25,0,75,33.333333333333336,33.333333333333336
vita_1_5,VITA-1.5,video_0016,62431c1ddbe7a320d70b46e316a7bfdcca26b60aad5c777f74e3e92ff1cf372a,"Okay, let's take a look. Good, very good. Family album U.S.A, is an excellent title. If you had to describe the book in one sentence, how would you do it? Well, I describe it as a book, which is a portrait of the United States, the places, the people, mostly the people. The things they do, the ways they live, the places they visit and the landmarks, a photographic journey.",What should the man with gray hair say?,These are wonderful.,Yes,25,25,100,50.0,50.0
vita_1_5,VITA-1.5,video_0017,3ee79d9fc2eee4001df3bff644d08363a754a129dbccae1a72e9bb7b300b8926,"I'm glad you like them. I do, but... But? there's something missing. You've got a good eye, Richard, you're a terrific photographer. But before I can publish your work, I need to meet with my marketing department and you've got to do one more thing.",What should the man with black hair say?,"What's that, Mr. Carlson？",Yes.,25,25,25,25.0,25.0
vita_1_5,VITA-1.5,video_0018,e55eb68adc7dec2ed2f22629d6fe03df290fffd800d8c4625157d38ec3530a47,"In the section on culture, you've included performing art centers but you've left out street performance. The mimes, the musicians, the dancers in the parks and on the streets. Richard, if you go out and photograph street performances in the city, you'll have it. That is a great idea. The performing arts centers and the street performances. I'll do it. If you do it, I'll publish your work. Are you serious?",What should the man with gray hair say?,I've never been more serious.,Yes,50,50,100,66.66666666666667,66.66666666666667
vita_1_5,VITA-1.5,video_0021,cf45058882142a9d65fd5d0b6f8797b0daf5fef7fe09889f1ad86109f10efa54,"But if Boswell wins, he'll be an important decision maker on the school board, and he doesn't know anything about our children's education. Who's running against him? Nobody, that's the problem. Well it sounds to me like Carter Boswell is going to win the seat on the board. Oh, not if I can stop him! And how are you going to stop him?",What should the woman say?,I don't know. Maybe I'll run against him.,Stop him.,25,0,25,16.666666666666668,16.666666666666668
vita_1_5,VITA-1.5,video_0024,33bb2d7dbbf45788d821ded56e770706a1d4937ced8557f2533e0f41dea48693,"A lot of people would like my help. Do you have a story? I'm planning to run for the school board. Against Carter Boswell? Yes. Well, that is news. Will you announce that I'm running? Sure, but I need some information.",What should the woman say?,Of course.,Yes,100,100,100,100.0,100.0
vita_1_5,VITA-1.5,video_0026,b73ad112132ea92011c0fdded4794ba41696dca8be304e612ac3a6e4e0890ab8,"Hello, Mr. Maxwell. How are you? I just called to tell you that you are very impressive, you lost the election, but you won the attention of the residents of Riverdal,e of Boswell, and of me.",What should the woman say?,"Thank you, Mr. Maxwell, I appreciate your kind words.",Thank you.,50,75,100,75.0,75.0
vita_1_5,VITA-1.5,video_0028,4ea3589f766fcb642897fa7cbd6acd7f2891ce8d9c43551f0da5e7327c7b714f,"Something blue. My wristband. I, I wore it when I married your father. Oh oh mother, I forgot you're still had it. It's just so lovely. I bought it in an antique shop when I was about 18 years old. I saved it for my wedding day. And you saved it for me, didn't you, Mother?",What should the woman in the blue-patterned dress say?,"Yes, honey, I did.",Thank you.,50,0,100,50.0,50.0
vita_1_5,VITA-1.5,video_0030,af4b24c28bf74afb5e669944028b1a6ee0e553e141b34425175f32985fd87adb,"Where's mom? She went to a school board meeting. I don't know how she does it, she sure keeps busy. It's important to her. There are lots of places to go, lots of things to do. She can't sit around and do nothing, Philip works late.",What should the young man in grey say?,I guess you're right.,"""I don't know.""",50,0,50,33.333333333333336,33.333333333333336
vita_1_5,VITA-1.5,video_0031,9e710c103a1af15d737e1fa8d6af5e61602a5de56d34e2f42a2c43cc90be6498,"You' been working late almost every night this week, Dad, Aren't you exhausted? I don't have time to be exhausted. You and mom haven't had dinner together with us in almost a full week.",What should the man in the white shirt say?,"Yeah. I feel bad about us not having dinner with the family, but our schedules are so different.",I'm not tired.,50,25,25,33.333333333333336,33.333333333333336
vita_1_5,VITA-1.5,video_0032,d79bc4bc8f0b3678712cf7bf39dc31f7e0ef28cad7eefa2aba56ed97465c3f26,"It's not good to eat before going to bed. A cookie can't hurt, though. Well, I'm heading off for bed, and a good night's sleep.",What should the man in grey say?,Well good night.,Good night.,100,100,100,100.0,100.0
vita_1_5,VITA-1.5,video_0034,992f074f1d37711bfb135a9c01b795ff50388b7db052b465f0890ceb263a4840,"Hello there,Robbie. What are you doing up this late? Reading. Reading? At this hour? Come on, Robbie, what are you doing up this late? Things on my mind. Do you care to talk about them?",What should the man say?,"Sure, if you don't mind listening.",I'm sorry.,50,25,25,33.333333333333336,33.333333333333336
vita_1_5,VITA-1.5,video_0035,378ef78dbb885c7eac583867e348ae44b0c16806fe15e97b6810bb22341bc8b3,"If you have something you want to talk about, I'm always prepared to listen. You haven't been around much lately. So that's it. Okay, let's talk. You and dad are like ships that pass the night. Dad works hard and he works late. You work hard on all your committees and you work late. I thought you were proud of the work I do.",What should the man say?,"I am, mom, real proud. You are one fantastic mom, but, but I've been noticing how little quality time you spend with dad and me and the family.",I'm proud of you.,50,50,75,58.333333333333336,58.333333333333336
vita_1_5,VITA-1.5,video_0036,da9a435124bf57d5eb45c4b221cdc739932d2aaefa89c19d476d16db6cca2d1f,"I think I have an idea. You do? Yep, I think I have an idea that will bring dad and you together in a more scheduled way.",What should the woman say?,What is it?,Yes,0,0,25,8.333333333333334,8.333333333333334
vita_1_5,VITA-1.5,video_0037,1a8b0ebb50483e596fc7013441975db5af843b7533a5e18051605cebae574f8f,You're right. We'll do it. I'm going to talk to daddy about it right now. But dad was so exhausted when he came home from work. Why don't you talk to him about it tomorrow?,What should the woman say?,You are a very smart young. I think I'll wait until tomorrow.,No,0,0,0,0.0,0.0
vita_1_5,VITA-1.5,video_0038,87ca8dfd973169f849c5760485ea2b621442dc08a3dd33a619cccf4c92ad62cb,"I've been trying to find a way to encourage reading. Good luck. Oh, I think I may have found a way to do it. Yeah, tell me about it. I work with families every day, Ellen, I see how people spend their leisure time-- young and old. Mostly watching television. Well, that would be okay if and I repeat, if People took the time to read. I couldn't agree with you more. The question is, how do we get them to read more? I think you're going to give me the answer to that question, you... you have that look in your eye.",What should the woman say?,"I do have an answer, Philip, or at least I think I do.",Read more.,0,0,25,8.333333333333334,8.333333333333334
vita_1_5,VITA-1.5,video_0039,058978bc75af7d7bd972ff716057253dafd63790bbe700e491f84763b6800486,"But how do you plan to do that? By arranging with the public schools to schedule one hour a week to start with. During that time, parents are invited to attend and to read along with the children, their children. It can go beyond the schools, Ellem. Really? I guarantee you it would go very well in the hospitals. As my patients, mostly kids would would love to read and be read to. You think so? I know so. Maybe we can experiment with your patients and see how the plan works.",What should the man say?,I love the idea.,Yes.,50,25,100,58.333333333333336,58.333333333333336
vita_1_5,VITA-1.5,video_0040,2cebccedacf744997767fd5770f07cf27ca278aca1cb5eb1285dac7be59f344c,This would be a wonderful way to accomplish that. I have a question. Yes? What do we read? To the patients in the ward? Yes.,What should the woman say?,Well let's you and I talk about it.,Yes,25,0,25,16.666666666666668,16.666666666666668
vita_1_5,VITA-1.5,video_0048,a09570cf82fc8d6ee9e30c9fe29d0ec3f35fc2b4779a71418cab6c012b51cea4,"Oh hello there. Are you ready for lunch with your grandpa? Oh hi, grandpa, it's, of course I am, but my mind isn't.",What should the man say?,"What's the matter, Susan?",Yes,25,0,25,16.666666666666668,16.666666666666668
vita_1_5,VITA-1.5,video_0049,7e28fe62f13b0ef47c1767b0e3064575932903f1873f7f6f749af851d098b5df,"A real dilemma. Does it have anything to do with you and Harry? Yes, but I don't know where to start. Maybe I can help.",What should the woman say?,Tell me.,Yes.,50,0,25,25.0,25.0
vita_1_5,VITA-1.5,video_0050,e701124b45fe6f1e4c3a35d7e90cbf0256278cea4482f60114c3ba25c4669599,"I think that you're very successful and that you have a fantastic reputation in the toy industry, I think you could talk to Mr. Marra.And I think he could help you find a real good job in Los Angeles. He was very helpful to me. Remember?",What should the woman say?,I suppose I could call him.,Yes.,25,25,25,25.0,25.0
vita_1_5,VITA-1.5,video_0051,6055193d1228adff91029eebab6599c60ad5ffd86d96d65829978befc97fdf07,And what about Michelle? What do you think? I think Michelle is better off staying where she is. What does she think? I don't know for sure.,What should the man say?,"Well, you should have to ask her.",I don't know for sure.,100,0,25,41.666666666666664,41.666666666666664
vita_1_5,VITA-1.5,video_0053,cfffcea6061bcb8c0f98cdeb8bea63c510254455345e392786a39461a75f188e,"I met with Bill York today. And I talked with Mr. Marchcheta. Did York make the offer? Yep, he asked me if I want the job. That's exciting, Harry, what was it? A vice presidency with the biggest accounting company in the country, craft and craft. Aren't you excited about that.",What should the man say?,Sure I am.,Yes.,100,50,100,83.33333333333333,83.33333333333333
vita_1_5,VITA-1.5,video_0054,6e7c705ab961664b8a1951ca7c76c5ca147e30f4637c5f2a3f080b8bb857077d,"I talked to Mr. Marceta. What did he say? Did you tell him about me? Of course, Harry, I want what's best for you. And I think I can get a good job through Mr. Marcetta in Los Angeles, also. You're kidding.",What should the woman say?,"No, I'm not kidding.",Yes.,50,0,25,25.0,25.0
vita_1_5,VITA-1.5,video_0055,3aea595aebe9731489d733ada14841ef47f598843f7d6832736d09a0fbe22689,And how do you feel about taking the job in Los Angeles? How should I feel. It's the biggest company in the country. Well then you feel good about taking it?,What should the man say?,"Well, I feel fine about it, why should I?",I feel good about it.,75,100,100,91.66666666666667,91.66666666666667
vita_1_5,VITA-1.5,video_0056,1b66961bd30e6262efb917bb43c163f8ea0c24efae302f4aa5cc5bbd70e2a847,"Come and sit down for a minute, Michelle. I'd like to talk to you about something, something important. What's wrong, Susan? Oh there's nothing wrong, Michelle, but your daddy and I are talking about something that I'd like your opinion about. I know. I heard you talking about it the other night when I was trying on my new clothes. It's about moving to Los Angeles.",What should the woman in blue say?,"You're right, How do you feel about it?",Yes.,0,25,25,16.666666666666668,16.666666666666668
vita_1_5,VITA-1.5,video_0057,be7f98586cafc24c4873b61f3155534c82b40137cb60eff962d22711e2d529d6,"Well, I really wouldn't want to move, but. But? But if you and daddy wanted to, I guess you know what's best for the family and for me.",What should the woman in blue say?,"That's very considerate of you, Michelle.",I guess you know what's best for the family and me.,75,0,50,41.666666666666664,41.666666666666664
vita_1_5,VITA-1.5,video_0063,f4b5a11e72319ae7cd8c7b4f6447dc0118745caed623b4fdf11e2dcf1cef3950,"I've been thinking a lot about our responsibilities in the past few weeks I never stopped thinking about them. I've been with the question of whether I go back to work or not I see and I'm torn I really want to go back to work, use my talents and pursue my career in fashion design like we always thought I would, but now,I want to be with Max as a full time mother, especially when he's a baby.",What should the man say?,"I really understand, Marilin.",Go back to work.,0,0,25,8.333333333333334,8.333333333333334
vita_1_5,VITA-1.5,video_0064,d66f5920379968f25ce963248bca2b4d86e1d1465532acd7ed05972e2b9f2646,"Have you discussed going back to work with your boss? Rita Mae called yesterday. Ah, that's what's got you thinking, isn't it? She wants to know when I think I'll be returning to the boutique.",What should the man say?,And you said?,I don't know.,75,0,75,50.0,50.0
vita_1_5,VITA-1.5,video_0066,1d522c137421ac286ddeef87edfd5c943ee1724ad27649b4cb4fd0c3e1391b71,"There are so many things to consider one thing that makes it easier for you is is that you have us Max will always have a family member to watch over him while you're at work.I didn't have that when Richard and Susan were born, What did you do, I chose to continue with my career as a music teacher who hired a woman to watch Richard and then Susan. And I continued with my career. Do you think you made the right decision?",What should the woman in pink say?,I think I did.,"Yes, I think you made the right decision.",75,0,100,58.333333333333336,58.333333333333336
vita_1_5,VITA-1.5,video_0075,c8f2dfa5d31d982325f940572fde3428a2bd5e5a9667a99dde3db1780c587c17,"Oh, what kind of dresses would you design? I've thought about that for some time. Yes? Wedding dress. Wedding dresses. Brilliant idea. There's a big market today in wedding dress.",What should the woman in white say?,That's what I thought.,Yes,50,50,100,66.66666666666667,66.66666666666667
vita_1_5,VITA-1.5,video_0076,5e862da375b59576355ce2a34e2076a085f1e43bb1c763b623863e08cfb1227f,"I like the idea very much and if it's successful, we can expand all kinds of dresses. That's what I thought. As a matter of fact, I have a customer for your first wedding dress, Well my niece is getting married and I've been trying to find just the right thing for her. Marilyn, you're going to design my niece's dress, that'll be our first one and then we'll use it to sell others. Do you really mean it?",What should the woman in black say?,I really mean it.,"Yes, I do.",100,100,100,100.0,100.0
vita_1_5,VITA-1.5,video_0077,4439439580e858c8504413db77f54d4a75cc92e16a075bb5a46a2f67b935909e,"Is something the matter, grandpa? The editorial in this paper that has my friend Nat Baker real upset, he's coming over to talk about",What should the elderly person in red say?,It is.,Yes,100,100,100,100.0,100.0
vita_1_5,VITA-1.5,video_0086,91c3f9de9d30193f19b82a9f3341b432dc96ab3aaedecae640c9fcd481e99f34,"Well, now that you're here you can help me with dinner. I need those potatoes peeled and sliced. Mom, give me a break. Alexandra's coming over to help me study for my math final. Well, in that case, you can wash the dishes and clean up after dinner. Can I invite Alexandra to stay for dinner? Of course. Thanks, mom. You and Alexandra have become good friends, haven't you?",What should the man say?,"Yes I like her, she's a terrific person.",Sure.,50,25,100,58.333333333333336,58.333333333333336
vita_1_5,VITA-1.5,video_0087,fbf0a9da95f2bb9cfa462f352ced0faace37220e2609d65a03d7c50d478190c4,"I'm going to miss her when she goes back to Greece. Would you like to give her a little farewell party? Mom, that would be terrific! Maybe we could make it a surprise. Oh I don't know surprise parties don't always work out well. Well, we could tell her it's a graduation party for me. When Alexander arrives, we'll surprise her.",What should the woman say?,"Well, I suppose that might work.",Surprise party.,0,0,25,8.333333333333334,8.333333333333334
vita_1_5,VITA-1.5,video_0088,2ad13fd952403f04b9bcfe7fe3fa8a99d7b81f253d2aacedd406c09f8f5fa6f1,"I'd like to give her a nice going away present. Fine. There's only one problem. What's that? I'm broke. I should have saved some money. I'm sure Alexandra would be happy with something simple, Robbie. I know, but well, I'd like to give her something nice to remember me by. Maybe I could borrow some money from you and dad. Oh it's all right with me if it's all right with your dad.",What should the man say?,"Thanks mom, I'll talk to him.",I'll borrow some money from you.,50,25,50,41.666666666666664,41.666666666666664
vita_1_5,VITA-1.5,video_0089,352f85c854bd61d5acb6e6bdd9d7b645a2f20784f4e522bf418f049bbcb8a642,"My friend Alexandra is going back to Greece. Nice girl. We'll all miss her. Mom says we can give her a going away surprise party. Good idea. And I'd like to get her a nice gift. What' do you have in mind? Well, a wristwatch, so she'll think of me when she looks at the time, nothing flashy, expensive, something simple, but a good one.",What should the man in light blue say?,"Sounds fine, Robbie.",I think a wristwatch would be perfect.,100,100,100,100.0,100.0
vita_1_5,VITA-1.5,video_0090,68e90ec0a12c05d6fd55e381fd9a6ed1a1296ece6812b07f36994a771758090f,"Oh, and Robbie. Yes? You probably want a family car so you can drive her home after the party. Could I? If you drive carefully.",What should the man in grey say?,"I will, thanks dad.",Yes,50,50,75,58.333333333333336,58.333333333333336
vita_1_5,VITA-1.5,video_0091,6b46a183f5eefa5df784e7c15b4d6516c3d3a5828f1d9ccb081e3908ebd97c7e,"When is your plane reservation for you flight to Athens? Sunday, why? Would you be able to come over Saturday night? Yes, I should be finished packing by then. My folks are giving me a little graduation party. Terrific! I'll pick you up. That isn't necessary. My dad's letting me borrow the car. Oh well, that would be very nice. About eight o'clock? Eight o'clock is fine.",What should the man say?,"Great, it's a date.",Yes.,50,25,100,58.333333333333336,58.333333333333336
vita_1_5,VITA-1.5,video_0092,e18f99100d9eee54773df04095a49c8381e515998d8ff0c31756c4d4e6182530,"Are you excited about graduating from high school? Sure, and a little scared. Scared? Why? Aren't you a little scared? I was when I first came to the United States. I'd never been away from home and I didn't know what it would be like, but then I found out that people are the same everywhere once you get to know them. I'm glad I got to know you.",What should the woman say?,Thank you. I'm glad I got to know you.,Hi.,0,0,25,8.333333333333334,8.333333333333334
vita_1_5,VITA-1.5,video_0093,139eca0cdd1a0e88e0c627ff12d31f513163f9e046919f41645ffaa2bfecaf75,"She's really a good friend, isn't she? Yeah. You are going to miss her. Am I going to miss her?",What should the woman say?,"That's what I said, you are going to miss her.",Yes,50,50,100,66.66666666666667,66.66666666666667
vita_1_5,VITA-1.5,video_0097,d9d42aaace207e09dd4d279b503ba5ef08a9406f261c1482bf831dd8de91f074,"I would just like to thank all of you, my friends, who have made my stay in the United States so wonderful. And to Robbie and the Stewart family for opening their home to me. We should thank you, you're a real friend. And I also have a little surprise for you, Robbie. A little going away present. Thank you. Open it pleas.e I think you might be amused. OK.",What should the man in the blue T-shirt say?,I can't believe it.,Thank you.,75,25,75,58.333333333333336,58.333333333333336
vita_1_5,VITA-1.5,video_0098,d4b93919fd3ed1e63c6153e289528e17586ef81a0f96cf2bcd45c621e627af75,"I can't believe this is really happening! You've earned it. Years of work went into these pictures. I know, but it's still a dream come true. Well, remember we're not sure what the critics are going to write about your show yet. And you never know what the man from the New York Times is going to say about it. Are you worried?",What should the man with silver hair say?,I always worry.,Thank you.,0,0,25,8.333333333333334,8.333333333333334
vita_1_5,VITA-1.5,video_0099,0830e88a4424cb77139c1577daf8491ee024ddd2118efe0636f34c98160fdc0f,The reviews of this show are important for the sales of your book. When did we see the reviews soon? One of the critics is coming up this morning for a preview. I hope he's in a good mood.,What should the man with black hair say?,So do I.,"""I hope he's in a good mood.""",100,25,100,75.0,75.0
vita_1_5,VITA-1.5,video_0101,f9b1b3546fcd9a8cc73a7159041c84076c6652e171ec92d875dfed1c430b08a2,"How about guests? How many people will you be bringing? Well, my family, I guess. My wife, Marilyn, my father and mother, my brother Robbie, my sister and her husband and their daughter. And my grandfather. Is that too many? No such thing as too many at an opening. I hope they like it. Your family or the public? Everybody, but especially my family, and they've stood by me through all this.",What should the man in the black suit say?,I'm sure they'll like it.,I hope they like it.,75,0,100,58.333333333333336,58.333333333333336
vita_1_5,VITA-1.5,video_0105,a5ebaef5232740eb89e162a4babcb8c9e7c74478312765a9b7b964973b936682,You're going to be a great success. Are you ready? As soon as I get these cuff links on. Let me help. Mom and dad are already on their way down to the gallery. There. You look very attractive.,What should the man say?,Thank you.,You look great.,75,75,50,66.66666666666667,66.66666666666667
vita_1_5,VITA-1.5,video_0106,442e7c80644f4f95373800755e760901aad0c3a811473aa6662ecfd68b6fe37e,"What is it? There's nobody here. Of course not, Richard. Your show doesn't begin until eight thirty.",What should the man say?,"Oh, right.",Hi.,0,0,25,8.333333333333334,8.333333333333334
vita_1_5,VITA-1.5,video_0111,5c1221b3aee1bbd33fe8ab45725b9bad3e064b2f48230f7558b1b3143c60c136,"A cigarette? No, thanks. A lollipop. A lollipop? How old are you? Excuse me? I'm sorry. It's okay, I'm 25 years old. You're 25?",What should the man say?,Yes.,No,50,0,0,16.666666666666668,16.666666666666668
vita_1_5,VITA-1.5,video_0113,892a89424a0a66bc9ae8a8a654617b5eb0993d19486e97b3ec44296b1a48d607,Who is it? It's Jake. Jake. Jake Seltzer from the station. Jake. These are for you. Oh flowers.,What should the woman say?,"They're beautiful Jake, thank you very much.",Thank you,75,75,100,83.33333333333333,83.33333333333333
vita_1_5,VITA-1.5,video_0115,00ef3139d9bc49a3e996cc69592871b9acebcd8ea98bf12e6b45694ca96048a6,"Do you see them often? Well, not often enough. But the whole family will be here for Thanksgiving. And they are so eager to meet their Boston cousins. This will be our first Thanksgiving without Dad. It must be so hard for you. Well, we'll do what we can to make it easier.",What should the brunette woman say?,Thanks.,I'm sorry.,100,0,75,58.333333333333336,58.333333333333336
vita_1_5,VITA-1.5,video_0116,cdb5891347c43980822957fa78f35e985780de5b69e8b9725bf90475b4208bd5,"Here's to a very special Christmas. To a very special person. To a great singer. Now, to make my day complete,I'm gonna call Alex. Let me wish him a",What should the man say?,Merry Christmas.,Merry Christmas.,100,100,100,100.0,100.0
vita_1_5,VITA-1.5,video_0117,95cc11fdb93c2e4cd2018a7d0e38e4ca6d3f130fb2e418e2ba902a20b71bb245,"Would you like to open your present? I'd love to. I have a present for you, too... under the Christmas tree. Well, you open your gifts first. All right. Merry Christmas and a Happy New Year. Your friend, Alex. He made the statue at school. 'Mighty Casey at the Bat'. What a riot! I'll keep it forever. It's so cute. All right,",What should the woman say?,Now you open your present.,Thank you.,50,75,25,50.0,50.0
vita_1_5,VITA-1.5,video_0118,dfe1369b7d245174e2dc66ca3c51ab5c2074693e36d559802a9a224c255f9a68,"Thanks again for the presents. You're welcome. I'll play your tape on my way home. Well, I'll have a whole new version of it this week, with backup singers and full orchestration and the works. It sounds like your dreams are coming true even before ekeko has his first cigarette. Oh-ah-and let me know how the recording session goes!",What should the woman say?,I will.,Yes,100,50,100,83.33333333333333,83.33333333333333
vita_1_5,VITA-1.5,video_0119,82e98eb8ba28767f1357d9a24f380a8c5f81240b7398434f60dd4342162c06e7,"Your gift inspired me to write it. Well, I'm glad. Gotta get goin'. See ya. Take care. OK.",What should the woman say?,Bye.,I love you.,0,0,25,8.333333333333334,8.333333333333334
vita_1_5,VITA-1.5,video_0121,1c0c73e7a52e32f90c76e310ec48fc55d634f40316b3c2e7b308492c1614137f,"Is there a restaurant in this town? There are three restaurants in this town. Where are they? One restaurant is on the corner of Main Street and Park Lane. What kind of restaurant is it? It's a Chinese restaurant. There's also a restaurant on Park Lane behind the bank. Is it a Chinese restaurant, too? No it isn't.",What should the man say?,And what kind of restaurant is it?,Park lane.,0,0,0,0.0,0.0
vita_1_5,VITA-1.5,video_0124,f367209fe9b8837e2de4d6e02d9d819ca1191e6be44ae68a1511dfc43e5894b7,"Wow, I have 16 new emails. Those are from me, I forwarded you some really funny emails. They're all junk mail you know, I don't like it when people forward things to me. But these are really funny. Maybe, but I'll just delete them.",What should the man say?,Okay I won't send any more to you.,I'm sorry.,75,100,100,91.66666666666667,91.66666666666667
vita_1_5,VITA-1.5,video_0129,5a805e54c43ec9247e977e33adcd2286bbb80075b132e603e0289304474e0fd3,"Honey, where should I put the candy dishes? Here on the table? Sure that's fine. Oh did you ask Greg to bring the ice cream? Oh no I forgot. Oh well, we'll still have enough food. Sorry Mia.",What should the woman say?,That's okay.,Greg.,0,0,25,8.333333333333334,8.333333333333334
vita_1_5,VITA-1.5,video_0132,b15659e762f0273db59514223a4a149b0a8a152c36813763818edde7528f854a,"Becca, you've swept the floor three times, sit down. I can't, I'm too nervous. The new manager won't be here for another hour. Well, he might be early, I want everything to look perfect. Everything does look perfect, but we don't have any customers.",What should the woman say?,You're right. We need some.,Sit down.,50,0,75,41.666666666666664,41.666666666666664
vita_1_5,VITA-1.5,video_0133,06ab0e80cdeeab826b9f929b2c0a7507c2b63ef5e93503b1a4a42be2f23026eb,"What's wrong, Becca? I met the new manager of the Net cafe. And you don't like him? No, he's going to change a lot of things. He thinks I'm a bad manager. He said that? No, but I know that's what he thought. Well, it doesn't matter. I'll be in Atlanta. And we'll be in Brazil. So you sold the stop in shop? Yes, I haven't met the new owner yet. His name is Tyler Adams. Tyler is the new manager of the Ne Cafe.",What should the woman in purple say?,Really? I'm sorry you don't like him,Yes.,25,0,25,16.666666666666668,16.666666666666668
vita_1_5,VITA-1.5,video_0134,47633973d81f5cb4da2a7f3bde56a9bfd0a4ce1e22630d56f331470604bcd351,"I don't want him managing my store. It's not your store anymore, Becca. But what about my customers? What if he treats them badly?Maybe Tyler was just having a bad day. Maybe. Don't be sad, worrying won't help.",What should the woman in black say?,You're right. My customers will be okay.,"I don't want him managing my store. It's not your store anymore, Rebecca.",0,0,0,0.0,0.0
vita_1_5,VITA-1.5,video_0137,a53018f5b8482cb4db29807f9330b4287045512886030e30575e4c82beb8d6ca,"You're not Mr. Barker. Very observant. Mr. Barker will be here at 9 a sharp after his morning walk. I am Mrs. McIntyre. Mr. Potter. Deputy head. That's right. I'm the new deputy head. There must be some mistake, I am the new deputy head.",What should the woman say?,Impossible.,I am the new deputy head.,100,50,100,83.33333333333333,83.33333333333333
vita_1_5,VITA-1.5,video_0138,07e138eda0934e7768a4044055ec262432a76ebdaaceac02b49ca61e1ce4acd5,Perhaps you're the deputy deputy head. Perhaps you're the deputy deputy head. I can see we're going to have to find Mr. Barker at once to resolve this matter.,What should the man say?,"Yes, I was just going to say that.",I'm sorry.,50,25,25,33.333333333333336,33.333333333333336
vita_1_5,VITA-1.5,video_0139,786dd7c360bf4c18f1324f7c94bfb3f192512aafe4e1415b8c075016581b1fd8,"My yes! A very accomplished piece of work, Emily. It really draws you in, doesn't it? Thanks Miss. But is it finished? Yes miss. Is it? Yes miss. Of course it is. How silly of me. Do you think it could do with maybe justum one more thing?",What should the little girl say?,I think it's done.,"Yes, Miss.",100,0,100,66.66666666666667,66.66666666666667
vita_1_5,VITA-1.5,video_0140,a1648b8cdcdfe3b53b380a9d3c5a6a7410317e6dc205fc9d83c0a724b8ca7e87,"Well? What does that mean? Oh, don't be coy with your godmother. Are you two an item yet? Well, he asked me to spend New Year's Eve with him. And I'm going. Good.",What should the old woman say?,So it looks like it's going to be an interesting new year.,Yes.,25,0,75,33.333333333333336,33.333333333333336
vita_1_5,VITA-1.5,video_0143,fd82468482f9c8ba70165287fdea7022a15f6e044cb499bb24fdf0955c7da6e6,"What are you doing Saturday? You mean, New Year's? Nothing, I guess. Why? Well, this could be our last New Year's together, right?",What should the boy with glasses say?,Yeah!,Happy new year!,50,0,25,25.0,25.0
vita_1_5,VITA-1.5,video_0144,71697f383620963d720312d37b6bf354957fafcd1b5cafa180c0b7ea7ea35b4f,I just can't imagine what those boys are doing right now. Hey... It's New Year's. They're probably out celebrating. They're only ten... They wouldn't do that. You'd be surprised what kids will do. Do you remember when I ran away from home? I was only seven. Right.You went down two blocks and then chickened out.,What should the man say?,Kids'll do crazy things.,Happy new year!,50,0,25,25.0,25.0
vita_1_5,VITA-1.5,video_0145,00e8688695111e71e10da026384ee7f5b328b6e3977ecdac7f5421f6cfef74e5,"Vincent,your father and I have talked. You and",What should the child say?,I will.,"Yes, father.",75,100,75,83.33333333333333,83.33333333333333
vita_1_5,VITA-1.5,video_0148,aaec96902b3185b35ea38f212e2459acaf6d5c7ba2c62cd0a3e1c6a7d6a34a39,"I had a really bad day. I left my bag of film on the ferry. I went back for it, but the ferry was gone. I lost a whole day's work. I'll call the Staten Island Ferry lost-and-found office. Alexandra! Hello, Richard. I found your bag!",What should the man say?,"Oh, thank you!",I'm sorry.,50,0,25,25.0,25.0
vita_1_5,VITA-1.5,video_0149,01b20dcc6e4c913a3243f60d5cad4fbe51671cd8c35d737667239d20aa9249c8,"Excuse me. Can you help me? Sure, what do you want? Where is 83 Wooster Street? That's easy. Walk to the corner. Then make a left turn. Then walk two blocks to the traffic light. Make another left to Wooster. Thank you. To the corner and then a left?",What should the man in the blue shirt say?,Yeah. A left.,Thank you.,50,0,25,25.0,25.0
vita_1_5,VITA-1.5,video_0150,1d6baa54628384d756f4127cf2d84c0ec4a559e14a2f851f19ec3f6decca5519,"Excuse me, ma'am. I'm looking for 83 Wooster Street. Yes. Wooster Street is two blocks, and 83 is to the right,about two houses.",What should the man say?,"Thank you, thank you!",Thank you.,100,100,100,100.0,100.0
vita_1_5,VITA-1.5,video_0151,17059635bdfacaa2931869a3c8ef1d8db023f36788882914f80945802305e96f,"Hello, Harry. It's nice to meet you. Nice to meet you, Susan. Sorry I'm late. The traffic. The parking. I was lost.",What should the woman say?,Don't worry about being late. It's fine.,It's okay.,100,100,100,100.0,100.0
vita_1_5,VITA-1.5,video_0155,6f46567e9b298132ccb7bcb801e9d77fe8af2363178e5e75e31708002e5c1dd4,"Two years ago,my wife died. You miss her. I do... yes, but l have Michelle... and with time... Is there anyone else in your life? No, not yet.What about you?  Oh, I date occasionally, but my work keeps me busy. Harry. Yes? I'd like to meet your daughter someday. Does that mean that I can see you again?",What should the man say?,Of course.,Yes.,100,100,100,100.0,100.0
vita_1_5,VITA-1.5,video_0156,5084ffa427bf6d3001c6ad3f48e18ccd505f5c0691ff92ad1d7db3c800122c00,Are you married? My wife died four years ago. She was a wonderful woman. A real friend.,What should the woman say?,"I'm sorry. Really, I'm sorry.",I'm sorry.,100,100,100,100.0,100.0
vita_1_5,VITA-1.5,video_0157,127778107e29d7c6cc1fc483806bd8733403f71f8a6b377dc1016880aa059e2c,"Lots of wonderful memories. We were married almost fifty years. Well,forty-seven, to be exact. John and I celebrate our fortieth anniversary next month.",What should the man say?,"Oh, congratulations! That's nice.",Happy anniversary.,75,75,100,83.33333333333333,83.33333333333333
vita_1_5,VITA-1.5,video_0158,731e80d8be2fc84d52d42bfddac25b31be3931a59a3862929a8248c7599f0711,"I am exhausted. My new exercise class is so hard. Your new exercise class? Yeah. My new advanced exercise class. Why advanced? My instructor thought that the beginner's class was too easy for me. In the beginner's class, they give you a chance to rest between exercises. So?",What should the woman say?,The advanced class is nonstop.,No,0,0,0,0.0,0.0
vita_1_5,VITA-1.5,video_0159,5e1282056bdf665bc7b7f14d783b4dea9c64cde015e3716dbd6d067eb1955418,"Doing aerobics for an hour is a lot different than lifting weights. Yeah. Quite a bit different. I think aerobics is easy. I could work out in your class with no problem. You think so? Oh, without a doubt. When's the next class? Tomorrow morning at ten o'clock. Try it.",What should the man say?,It's a nap.,Yes.,25,50,0,25.0,25.0
vita_1_5,VITA-1.5,video_0160,fa8ea2c65036e2debf04a601152cc36ab6566f4d2aabab53dccc16a76de4eae3,You are not going to be able to move after this and the aerobics class. Are you kidding me? It's going to be a piece of cake. You want to bet?,What should the woman say?,Yeah. What's the bet?,It's gonna be a piece of cake.,75,0,50,41.666666666666664,41.666666666666664
vita_1_5,VITA-1.5,video_0161,e5e973df64701240972139fe7599a0a9c2242894f1e5e239c863ed8843645a07,"What do you do for a living, Mr.Stewart? I'm a photographer. Interesting. What do you photograph? Everything. The American scene. People, places, events. Did you ever think of photographing an aerobics class? No... I can't remember taking pictures of people exercising. But don't you think it'd be a good subject? Sure. I need some good photos for my advertising, Mr.Stewart. Maybe you can photogragh a class, and I can give you and Mrs.Stewart a month of classes ree. When can I photograph a class? Anytime. How about today?",What should the man in green say?,Terrific!,Yes.,75,50,100,75.0,75.0
vita_1_5,VITA-1.5,video_0162,f63aa0011dbc72ac2b4ddb16ad4cc279774bad17b839b9c5a28de83e04a53c73,"Well, I didn't really exercise. I knew it! I wanted to,but Jack Davis needed a photographer. I'm sorry, Marilyn. I don't understand. Did you exercise or not?",What should the man say?,No.,I didn't really exercise.,100,25,100,75.0,75.0
vita_1_5,VITA-1.5,video_0164,c77daecd4d2b848eb88ca830dcbe13f89b5078ea102ca7d1daaa7fd1a02ec371,"Do you have any other plans for the day? I'll work on my computer. I have a new math program,and I want to learn how to use it. Maybe you can teach me how to work on a computer someday.",What should the man in green say?,Anytime. It's really easy.,"Yes, I can.",75,50,100,75.0,75.0
vita_1_5,VITA-1.5,video_0166,026e4eb23931e2704f9ab2646db6aadc9be9aaca5e9d3f3ce8f2048bf11260f3,"Robbie says you can't take him to the game today. I really feel bad about it, but they need me at the hospital today, in the children's ward. l understand. Maybe we can spend some time together next weekend.",What should the elderly person say?,Definitely. We should.,Sure!,100,100,100,100.0,100.0
vita_1_5,VITA-1.5,video_0168,5cbc74be128e27450b1636510a12c5b47cc5cc4f8e98b0bf30dd587aa0f7b8d9,"Is something wrong, Alexandra? No, nothing. Yes, there is. I can tell. What's the matter? Come on, you can tell me. What's up? I don't know. Something's wrong.",What should the man say?,"OK, let's talk.",I don't know.,50,0,25,25.0,25.0
vita_1_5,VITA-1.5,video_0169,e16a68ea8edb89d912f4e657f780e1c492505e710c2c468aa507e2b50ec5740f,"But when I received the letter with photographs of my family, I cried. I cried because I miss them all. You really miss your family, don't you?",What should the woman say?,Yes.,"Yes, I do.",100,100,100,100.0,100.0
vita_1_5,VITA-1.5,video_0170,f89a8184ab57a525fb01bb4e3d341c52be56a4dac29b1642573a430562e33b19,"I know I must seem silly. It's not like I have nobody. I like the Molininas very much, and they're so kind to me.Hey, why don't we go out for a cheeseburger and fch fries, that'll cheer you up and you can use my walkman.",What should the woman say?,That's a good idea.,"Hey, why don't we go out for a cheeseburger and french fries? That'll cheer you up. You can use my Walkman.",75,0,0,25.0,25.0
vita_1_5,VITA-1.5,video_0171,1d0b5ff5dc6cafdacb8a5880ce117bca30c180739f273d03dac74683bea9306d,"This dog is well trained. And she likes you too. So how are we going to find the owners? With a little help from the ASPCA, the American Society for the Prevention of Cruelty to Animals. They're the ones. We once found a cat. She was caught in the branches of our tree. And dad called the ASPCA. They came and solved the problem.",What should the woman say?,"Robby, let's call them.","She should say ""Thank you"".",25,0,25,16.666666666666668,16.666666666666668
vita_1_5,VITA-1.5,video_0172,975bc9ee10e856c7c91f230bdd06a11f18f50f2972187e2459d78e7e11947fdc,"Let's take Gemma by there now. They'll find the owner. I hope so. I'm so sad to see this little dog without her family. I'm sure they'll find the owner. But if they don't, I'll adopt her. She's so cute. Look at those eyes. She's hard to resist, don't you just love her?",What should the woman say?,"I like to keep her, too.",Adopt her.,75,0,100,58.333333333333336,58.333333333333336
vita_1_5,VITA-1.5,video_0174,ed5a2283cf9516461697205cc4c7e7011968769484af69d2a4c4149728994cb0,"I need your special talent for handling special matters. Like what special matters? Well, I have a scheduling problem. Yes? I have three tonsillectomies set for Friday with Dr.Earl. Yes? I need to fit a fourth operation into his schedule. And... I know you can do it. Well, I'll try to arrange the scheduled, Dr.Stewart. But it's not going to be easy.",What should the man say?,I know you'll be able to take care.,Yes,25,0,25,16.666666666666668,16.666666666666668
vita_1_5,VITA-1.5,video_0176,678a80eb3163b29008b280008fcbcea2637b8b82a1b7d4172f28ed5fdfc7737a,"Well, grandpa wanted me to study engineering like him. Well, I wasn't clear about my future, but I knew engineering was not for me. What did you tell grandpa? The truth. Then you're not upset about my not wanting to go into medicine. I'm not upset at all, I'm just happy that we're able to talk about it.",What should the man in blue say?,"I am too, dad.",I want to be a doctor.,0,0,25,8.333333333333334,8.333333333333334
vita_1_5,VITA-1.5,video_0177,d6acb71d2f8c857f3c61c00ec528f866173807a20d28f5567922685f0ef25575,"Now, what else is on the schedule today? Well at one o'clock you have a lunch appointment with Mr. Levine, the client from the toy town stores. Where? At Rossano's. Anything else? At four o'clock you have a meeting with the production staff in the conference room. Make sure everybody is at that meeting.",What should the man say?,Will do.,Alright.,100,100,100,100.0,100.0
vita_1_5,VITA-1.5,video_0183,1682354001a8833a5ac72521452f1e50e866be41af72d15a72d94c60e4e93524,"Oh, my! Here's a real buy. It's a bargain. This house just came on the market. It's quite lovely. Is it a two bedroom house? No, it has three bedrooms and three baths. I know the house. It has a brand new kitchen, and a living room with a 12 foot ceiling and there's a two car garage. The why don' we go look at this house, too?",What should the woman in pink say?,It's a good investment.,Yes.,25,50,25,33.333333333333336,33.333333333333336
vita_1_5,VITA-1.5,video_0184,87d0243e137adb27e6dbe9627b55eecb0639e22462e8b18c1f21313613d88433,"Thank you, Mrs. Martinelli. Thanks so much. My pleasure. Give my best to your parents. Your father's a wonderful doctor, Richard. He took care of my daughter when she was a child. He's the best pediatrician in Westchester.",What should the man say?,"Thanks Mrs. Martinelli, I'll give them your regards.",Thank you.,50,50,100,66.66666666666667,66.66666666666667
vita_1_5,VITA-1.5,video_0185,62fb05f229000754fa1e2daf4fce3bd24e38e3a459ccbc18fa71303a8936d531,It all sounded so easy until they mentioned needing collateral or a guarantor. We have no collateral. And I don't think it's a good idea to ask dad to sign as a guarantor. I don't feel right about it.,What should the woman say?,"I understand your feelings about it, Richard.",No,0,0,0,0.0,0.0
vita_1_5,VITA-1.5,video_0186,52724bf9aef75be8dd3d2e121333c37e72d394db277f69ffa21e31cb4a2dfb21,"What about the house in Mount Kisco? Somebody else will buy it by then. Well, then there'll be other house, Marilyn. Oh Richard has a point. You're just beginning to look. We're no great rush. It's true. This has been a great learning experience for us, Marilyn. Talking to the real estate agent. Looking at the houses. Talking to the loan officer at the bank.",What should the woman in white say?,"It has been a learning experience, that's true.",I'm not sure.,50,25,25,33.333333333333336,33.333333333333336
vita_1_5,VITA-1.5,video_0187,3e5cbd8c3d3126b8f425053dc6e8887a9baa3ae7afe6290c4926b13825ce8fbe,Children usually resemble their parents. It's true. Michelle is a lot like Harry in so many ways. And she shy with new people just like he is. You really like Michelle don't you.,What should the woman in blue say?,"Yes, I'm very fond of her.","Yes, I do.",100,100,100,100.0,100.0
vita_1_5,VITA-1.5,video_0189,1a4ea5c75cd5315da6fbb87c15913e69f6aaf57f6cb2665e92d22eacc2f08a82,"As a working woman, I think New York has all the conveniences, including the best tomatoes. The truth is, I'd like to live in the city. Michle's the right age. There are lots of things for her here.",What should the woman say?,"You're right, Harry.",Yes.,75,100,100,91.66666666666667,91.66666666666667
vita_1_5,VITA-1.5,video_0190,e6357c9b58cfc885dfe9348df7822a2ceea9827520664c22ece4e5e009a3db95,"You ought to think about spending more time with Michelle at all the great places in this city. Well, perhaps you'll help me select some of the great places. And perhaps you'll join us?",What should the woman say?,"Perhaps, I will.",Yes.,75,75,100,83.33333333333333,83.33333333333333
vita_1_5,VITA-1.5,video_0191,d988ad93fe584064ee5b6306bcd17f3c37ac7eb450762ac49e779c0334f138fb,"Susan, I, I really appreciate you doing this for Michelle and her friends. Oh, please, Harry, it's nothing. I'm not just doing it for Michelle. I'm doing it for you.",What should the man say?,Thank you.,Thank you.,100,100,100,100.0,100.0
vita_1_5,VITA-1.5,video_0192,7b3ae81db841219d982ac3dbfaa6418bb7a3879a3a3c5f5662ee5906a87b286f,"That makes me feel good. What, Harry? What makes you feel good well? That you care about Michelle, that you care about me and that you care about us. Well, Harry, that that's because I do. I do care. They'll be here any minute. Susan, I'd like to...continue this conversation later.",What should the woman say?,"Of course, Harry.",Yes.,75,50,100,75.0,75.0
vita_1_5,VITA-1.5,video_0193,2faa670b9afde527d205b0ed7607e656555be26c3a05a61020b7d3a3027d8a9f,"Susan, will you marry me? It's such an important decision. There's so many things to talk about. There are three things that have to be done first, Harry. Three things? First, we have to decide where to live. Well, that's easy we talked about that earlier. We'll live in New York. All right. Second, we have to talk to Michelle together about being married. We'll do that immediately. What's the third thing? You have to ask for my father's permission.",What should the man say?,Absolutely.,Yes.,100,75,100,91.66666666666667,91.66666666666667
vita_1_5,VITA-1.5,video_0194,f72f24f9fa29262821abe1260cd994342c6b2461b53bd8292e2fb5e306d77874,"What's this for? Just because. How's the baby? Fast asleep. I'm sorry, I missed him. I had to work late. What are the flowers for, Richard? Five years of happiness, Happy anniversary our anniversary. But our anniversary isn't until Saturday.",What should the man say?,I couldn't wait.,Happy anniversary.,75,25,75,58.333333333333336,58.333333333333336
vita_1_5,VITA-1.5,video_0195,9c3c7389b7730f06bbea3708baa43cdc29a13aba8af53bd3fbce415511ce3d40,"If you had your choice of all the places in the world, where would you choose to spend our anniversary? The Watermile Inn. I loved that place when we went on our honeymoon. Perfect! You picked the right place. I don't understand. you and I, Missus Stuwart, are going to spend a second honeymoon at the Watermile Inn.",What should the woman say?,"Oh, Richard, that's wonderful.",Yes.,25,0,100,41.666666666666664,41.666666666666664
vita_1_5,VITA-1.5,video_0196,bf2b186ecac1772e3f29bcfc0ea242fb969dc4010d7f23e36fe01d80cb61e294,"Come on, Mar. It's time you and I had a romantic weekend alone together. We've earned it. What do you say? It does sound tempting. You're right, we burned it.",What should the man say?,Great.,Yes.,75,100,100,91.66666666666667,91.66666666666667
vita_1_5,VITA-1.5,video_0198,ea1f92d5c65db41245f5b7c0a33c2bccffc2c93324503dee99ad7205f5e482e9,Thank you for calling us. I remember you and your wife from the first time you stayed with us. We were very young. And very much in love. We have a baby now.,What should the woman in white say?,How wonderful! A boy or a girl?,Hi.,0,0,25,8.333333333333334,8.333333333333334
vita_1_5,VITA-1.5,video_0199,173f737522f47a602e3cc81e0290c9c16ee639cf199112eb465ebe500b03fce0,"Let's eat first. I want to call home and check on your mother and the baby. Honey, if there were any problems, she would call us. She doesn't know we've changed hotels.",What should the man say?,"You're right, of course.",Okay.,75,75,100,83.33333333333333,83.33333333333333
vita_1_5,VITA-1.5,video_0200,63fb85e4ada22b21f6421231a7e224b65e112f68d84c40effdf4defbad83c643,"The mailman just drops a mail in our box, Grandpa. Oh probably a lot of advertising and bills. You were right, grandpa. Advertising, bills, bills, advertising.",What should the elderly man say?,"Yes, just like I said, Robbie. Nothing interesting.","Advertising, Bill, Bill, advertising.",75,25,25,41.666666666666664,41.666666666666664
